datetime,temperature_C,humidity_percent,pressure_hPa,pressure_sea_level_hPa
2026-03-02 10:37:13,-50.0,0.0,,
2026-03-02 10:38:14,-50.0,0.0,,
2026-03-02 10:43:43,-50.0,0.0,,
2026-03-02 10:49:13,-50.0,0.0,,
2026-03-02 10:55:13,-50.0,0.0,,
2026-03-02 11:01:13,-50.0,0.0,,
2026-03-02 11:07:13,-50.0,0.0,,
2026-03-02 11:13:13,-50.0,0.0,,
2026-03-02 11:19:03,-50.0,0.0,,
2026-03-02 11:24:13,-50.0,0.0,,
2026-03-02 11:29:33,-50.0,0.0,,
2026-03-02 11:35:13,-50.0,0.0,,
2026-03-02 11:40:23,-50.0,0.0,,
2026-03-02 11:46:13,-50.0,0.0,,
2026-03-02 11:52:03,-50.0,0.0,,
2026-03-02 11:57:13,-50.0,0.0,,
2026-03-02 12:02:33,-50.0,0.0,,
2026-03-02 12:08:13,-50.0,0.0,,
2026-03-02 12:13:23,-50.0,0.0,,
2026-03-02 12:19:11,21.51,44.9,988.02,1026.49
2026-03-02 12:38:21,21.33,45.23,987.97,1026.51
2026-03-02 12:43:31,21.43,46.33,987.92,1026.45
2026-03-02 12:49:31,21.49,47.14,987.93,1026.45
2026-03-02 12:55:31,21.59,47.2,987.95,1026.46
2026-03-02 13:01:21,21.63,47.86,987.93,1026.43
2026-03-02 13:06:31,21.7,47.74,987.75,1026.23
2026-03-02 13:11:41,21.76,47.53,987.84,1026.32
2026-03-02 13:17:31,21.85,47.18,987.81,1026.28
2026-03-02 13:23:21,21.84,46.9,987.75,1026.21
2026-03-02 13:28:31,21.88,47.44,987.63,1026.08
2026-03-02 13:33:51,21.92,46.76,987.54,1025.99
2026-03-02 13:39:31,21.54,44.89,987.42,1025.91
2026-03-02 13:45:31,21.78,44.56,987.44,1025.9
2026-03-02 13:51:21,21.81,44.68,987.41,1025.87
2026-03-02 13:56:31,21.84,44.55,987.41,1025.86
2026-03-02 14:01:51,21.93,44.38,987.4,1025.84
2026-03-02 14:07:31,22.05,45.22,987.31,1025.73
2026-03-02 14:13:31,22.07,44.31,987.29,1025.7
2026-03-02 14:19:21,22.14,44.43,987.05,1025.45
2026-03-02 14:24:31,22.13,44.34,987.13,1025.52
2026-03-02 14:29:51,22.23,44.07,987.02,1025.41
2026-03-02 14:35:31,22.23,44.96,986.96,1025.34
2026-03-02 14:41:31,22.16,44.4,987.0,1025.39
2026-03-02 14:47:21,22.15,44.37,986.96,1025.35
2026-03-02 14:52:31,22.15,44.19,987.0,1025.39
2026-03-02 14:57:41,22.14,44.14,986.94,1025.33
2026-03-02 15:03:31,22.12,44.25,986.86,1025.25
2026-03-02 15:09:21,22.06,44.04,986.9,1025.3
2026-03-02 15:14:31,22.05,44.0,986.84,1025.24
2026-03-02 15:19:51,21.99,44.13,986.89,1025.3
2026-03-02 15:25:31,21.97,44.02,986.82,1025.23
2026-03-02 15:31:31,21.91,43.99,986.89,1025.32
2026-03-02 15:37:21,21.83,44.07,986.74,1025.17
2026-03-02 15:42:31,21.71,44.11,986.73,1025.17
2026-03-02 15:47:51,21.65,44.37,986.7,1025.15
2026-03-02 15:53:31,21.56,44.48,986.89,1025.36
2026-03-02 15:58:51,21.52,44.43,986.79,1025.26
2026-03-02 16:04:31,21.47,44.4,986.78,1025.26
2026-03-02 16:10:31,21.41,44.43,986.7,1025.19
2026-03-02 16:16:21,21.35,44.67,986.81,1025.3
2026-03-02 16:21:31,21.43,45.55,986.81,1025.29
2026-03-02 16:26:51,21.49,45.46,986.76,1025.23
2026-03-02 16:32:31,21.69,44.24,986.65,1025.09
2026-03-02 16:37:41,21.72,44.21,986.81,1025.25
2026-03-02 16:43:31,21.73,44.18,986.8,1025.24
2026-03-02 16:49:21,21.66,43.87,986.69,1025.14
2026-03-02 16:54:31,21.73,43.81,986.78,1025.22
2026-03-02 16:59:51,21.8,43.32,986.73,1025.16
2026-03-02 17:05:31,21.9,43.23,986.93,1025.35
2026-03-02 17:10:41,21.9,42.99,986.81,1025.23
2026-03-02 17:16:31,21.87,43.32,986.92,1025.34
2026-03-02 17:22:21,21.88,42.98,986.76,1025.18
2026-03-02 17:27:31,21.91,43.08,986.77,1025.19
2026-03-02 17:32:51,21.92,42.93,986.73,1025.15
2026-03-02 17:38:31,21.87,43.53,986.88,1025.31
2026-03-02 17:43:41,21.92,43.13,986.76,1025.18
2026-03-02 17:49:31,21.96,42.85,986.9,1025.32
2026-03-02 17:55:21,21.87,43.93,986.87,1025.3
2026-03-02 18:00:31,21.81,43.7,986.84,1025.27
2026-03-02 18:05:51,21.68,43.66,986.87,1025.33
2026-03-02 18:11:31,21.8,43.24,986.89,1025.33
2026-03-02 18:16:41,21.8,43.41,986.82,1025.25
2026-03-02 18:22:31,21.71,43.6,986.9,1025.35
2026-03-02 18:28:21,21.64,43.68,987.05,1025.51
2026-03-02 18:33:31,21.79,43.19,987.16,1025.61
2026-03-02 18:38:51,21.8,43.4,987.06,1025.5
2026-03-02 18:44:31,21.87,43.49,987.03,1025.47
2026-03-02 18:50:31,21.95,43.3,987.16,1025.59
2026-03-02 18:56:31,22.0,43.31,987.24,1025.66
2026-03-02 19:02:21,22.03,43.18,987.22,1025.64
2026-03-02 19:07:31,22.09,43.27,987.15,1025.56
2026-03-02 19:12:51,22.13,43.39,987.13,1025.53
2026-03-02 19:18:31,22.07,43.3,987.16,1025.57
2026-03-02 19:23:41,22.13,43.61,987.12,1025.52
2026-03-02 19:29:31,22.17,43.28,987.28,1025.68
2026-03-02 19:35:21,22.22,43.43,987.28,1025.67
2026-03-02 19:40:31,22.26,42.92,987.37,1025.76
2026-03-02 19:45:51,22.29,42.87,987.3,1025.69
2026-03-02 19:51:31,22.32,42.88,987.41,1025.79
2026-03-02 19:57:31,22.37,42.74,987.33,1025.71
2026-03-02 20:03:31,22.2,43.36,987.25,1025.65
2026-03-02 20:09:31,21.99,43.75,987.43,1025.86
2026-03-02 20:15:21,21.81,44.02,987.3,1025.75
2026-03-02 20:20:31,21.69,44.17,987.36,1025.83
2026-03-02 20:25:51,21.56,44.41,987.31,1025.8
2026-03-02 20:31:31,21.44,44.66,987.17,1025.67
2026-03-02 20:36:41,21.31,44.91,987.33,1025.85
2026-03-02 20:42:31,21.19,45.08,987.38,1025.93
2026-03-02 20:48:21,21.01,45.39,987.29,1025.86
2026-03-02 20:53:31,20.86,45.66,987.36,1025.94
2026-03-02 20:58:51,20.77,45.88,987.36,1025.96
2026-03-02 21:04:31,20.69,45.99,987.38,1025.99
2026-03-02 21:09:41,20.6,46.2,987.35,1025.97
2026-03-02 21:15:31,20.49,45.96,987.52,1026.16
2026-03-02 21:21:21,18.97,38.35,987.37,1026.23
2026-03-02 21:26:31,18.35,38.0,987.35,1026.29
2026-03-02 21:31:51,17.91,38.48,987.51,1026.51
2026-03-02 21:37:31,18.51,39.82,987.37,1026.29
2026-03-02 21:42:41,18.81,40.63,987.51,1026.39
2026-03-02 21:48:31,18.92,41.44,987.43,1026.3
2026-03-02 21:54:17,18.93,42.22,987.44,1026.3
2026-03-02 21:59:31,18.94,42.95,987.46,1026.32
2026-03-02 22:04:51,18.92,43.54,987.49,1026.35
2026-03-02 22:10:31,18.91,44.19,987.53,1026.4
2026-03-02 22:16:31,18.93,44.64,987.52,1026.39
2026-03-02 22:22:31,18.92,44.97,987.48,1026.35
2026-03-02 22:28:21,18.9,45.52,987.52,1026.39
2026-03-02 22:33:31,18.9,45.83,987.62,1026.5
2026-03-02 22:38:51,18.89,46.2,987.67,1026.55
2026-03-02 22:44:31,18.84,46.5,987.53,1026.41
2026-03-02 22:49:41,18.81,46.9,987.46,1026.34
2026-03-02 22:55:31,18.81,47.34,987.53,1026.41
2026-03-02 23:01:21,18.78,47.5,987.62,1026.51
2026-03-02 23:06:31,18.77,47.71,987.51,1026.4
2026-03-02 23:11:51,18.75,47.91,987.45,1026.34
2026-03-02 23:17:31,18.73,48.26,987.54,1026.43
2026-03-02 23:22:41,18.71,48.43,987.53,1026.43
2026-03-02 23:28:31,18.68,48.62,987.55,1026.46
2026-03-02 23:34:21,18.68,48.81,987.6,1026.5
2026-03-02 23:39:31,18.64,48.93,987.53,1026.44
2026-03-02 23:44:51,18.61,48.97,987.5,1026.41
2026-03-02 23:50:31,18.56,49.18,987.48,1026.4
2026-03-02 23:56:21,18.53,49.28,987.43,1026.35
2026-03-03 00:01:31,18.48,49.41,987.46,1026.39
2026-03-03 00:07:21,17.49,41.53,987.45,1026.51
2026-03-03 00:12:31,17.95,44.6,987.43,1026.43
2026-03-03 00:17:51,18.02,45.17,987.65,1026.65
2026-03-03 00:23:31,18.05,45.73,987.6,1026.59
2026-03-03 00:29:31,18.09,46.22,987.73,1026.72
2026-03-03 00:35:31,18.09,46.67,987.69,1026.69
2026-03-03 00:41:31,18.1,47.22,987.67,1026.66
2026-03-03 00:47:21,18.1,47.57,987.74,1026.74
2026-03-03 00:52:31,18.05,47.85,987.88,1026.88
2026-03-03 00:57:51,18.08,48.11,987.98,1026.99
2026-03-03 01:03:31,18.03,48.38,987.84,1026.85
2026-03-03 01:08:41,18.03,48.56,987.77,1026.77
2026-03-03 01:14:31,18.03,48.76,987.92,1026.93
2026-03-03 01:20:21,18.02,49.01,987.87,1026.88
2026-03-03 01:25:31,17.99,49.33,987.9,1026.91
2026-03-03 01:30:51,17.97,49.5,987.85,1026.87
2026-03-03 01:36:31,17.96,49.7,987.84,1026.86
2026-03-03 01:42:31,17.98,49.84,987.82,1026.84
2026-03-03 01:48:31,17.93,50.13,987.87,1026.89
2026-03-03 01:54:11,17.94,50.18,987.87,1026.89
2026-03-03 01:59:31,17.9,50.29,987.96,1026.99
2026-03-03 02:04:51,17.93,50.32,987.82,1026.85
2026-03-03 02:10:31,17.89,50.33,987.81,1026.83
2026-03-03 02:16:31,17.84,50.74,987.96,1026.99
2026-03-03 02:22:21,17.86,50.82,987.85,1026.88
2026-03-03 02:27:31,17.84,50.85,987.83,1026.86
2026-03-03 02:32:51,17.84,50.97,987.69,1026.72
2026-03-03 02:38:31,17.81,50.99,987.81,1026.85
2026-03-03 02:44:31,17.81,51.08,987.8,1026.84
2026-03-03 02:50:21,17.79,51.17,987.82,1026.86
2026-03-03 02:55:31,17.75,51.44,987.77,1026.81
2026-03-03 03:00:51,17.75,51.55,987.71,1026.75
2026-03-03 03:06:31,17.73,51.63,987.65,1026.69
2026-03-03 03:12:31,17.72,52.05,987.62,1026.66
2026-03-03 03:18:21,17.69,52.13,987.73,1026.78
2026-03-03 03:23:31,17.64,52.34,987.55,1026.6
2026-03-03 03:28:41,17.64,52.29,987.43,1026.48
2026-03-03 03:34:31,17.59,52.29,987.54,1026.6
2026-03-03 03:40:21,17.57,52.24,987.62,1026.68
2026-03-03 03:45:31,17.55,52.47,987.56,1026.63
2026-03-03 03:50:51,17.52,52.83,987.46,1026.52
2026-03-03 03:56:31,17.47,52.95,987.52,1026.59
2026-03-03 04:02:31,17.46,52.92,987.66,1026.74
2026-03-03 04:08:21,17.4,53.0,987.61,1026.69
2026-03-03 04:13:31,17.41,53.19,987.63,1026.72
2026-03-03 04:18:51,17.39,53.07,987.69,1026.78
2026-03-03 04:24:31,17.39,53.14,987.65,1026.74
2026-03-03 04:29:51,17.37,53.16,987.77,1026.87
2026-03-03 04:35:31,17.36,53.4,987.61,1026.71
2026-03-03 04:41:31,17.3,53.11,987.61,1026.72
2026-03-03 04:47:21,17.3,52.97,987.7,1026.81
2026-03-03 04:52:31,17.27,52.91,987.76,1026.87
2026-03-03 04:57:51,17.26,53.26,987.7,1026.82
2026-03-03 05:03:31,17.21,53.36,987.99,1027.12
2026-03-03 05:08:41,17.2,53.33,987.95,1027.08
2026-03-03 05:14:31,17.16,53.25,988.03,1027.17
2026-03-03 05:20:21,17.13,53.7,988.05,1027.19
2026-03-03 05:25:31,17.13,53.58,988.39,1027.55
2026-03-03 05:30:51,17.12,53.39,988.4,1027.56
2026-03-03 05:36:31,17.11,53.48,988.42,1027.58
2026-03-03 05:42:31,17.09,53.51,988.44,1027.61
2026-03-03 05:48:21,17.07,54.0,988.5,1027.67
2026-03-03 05:53:31,17.04,54.25,988.65,1027.82
2026-03-03 05:58:51,17.02,53.67,988.43,1027.61
2026-03-03 06:04:31,16.94,53.58,988.42,1027.61
2026-03-03 06:10:31,16.92,53.24,988.64,1027.84
2026-03-03 06:15:51,16.87,53.01,988.65,1027.86
2026-03-03 06:21:31,16.86,52.83,988.45,1027.65
2026-03-03 06:27:31,16.8,52.69,988.66,1027.88
2026-03-03 06:33:21,16.8,52.61,988.6,1027.81
2026-03-03 06:38:31,16.78,52.39,988.8,1028.03
2026-03-03 06:43:51,16.76,52.36,988.69,1027.91
2026-03-03 06:49:31,16.72,52.27,988.81,1028.04
2026-03-03 06:54:41,16.69,52.26,988.74,1027.97
2026-03-03 07:00:31,16.68,52.16,988.82,1028.06
2026-03-03 07:06:21,16.68,52.14,988.82,1028.06
2026-03-03 07:11:31,16.66,52.09,988.92,1028.17
2026-03-03 07:16:51,16.64,52.32,988.9,1028.15
2026-03-03 07:22:31,16.63,52.32,988.98,1028.23
2026-03-03 07:28:31,16.6,52.39,988.94,1028.19
2026-03-03 07:34:21,16.61,52.4,988.9,1028.15
2026-03-03 07:39:31,16.62,52.44,988.98,1028.23
2026-03-03 07:44:41,16.61,52.26,989.01,1028.27
2026-03-03 07:50:31,16.67,52.21,988.92,1028.16
2026-03-03 07:56:21,16.68,52.0,988.92,1028.16
2026-03-03 08:01:31,16.63,50.94,989.0,1028.26
2026-03-03 08:06:51,16.14,49.41,989.09,1028.42
2026-03-03 08:12:31,16.69,51.69,989.18,1028.44
2026-03-03 08:18:31,17.3,51.39,989.11,1028.27
2026-03-03 08:24:21,17.83,52.4,989.18,1028.27
2026-03-03 08:29:31,17.99,50.3,989.04,1028.1
2026-03-03 08:34:51,18.22,49.61,989.08,1028.11
2026-03-03 08:40:31,18.49,49.6,989.16,1028.16
2026-03-03 08:46:31,18.73,48.74,989.1,1028.06
2026-03-03 08:52:31,18.96,48.45,989.23,1028.16
2026-03-03 08:58:21,19.13,48.17,989.19,1028.09
2026-03-03 09:03:31,19.27,47.5,989.17,1028.05
2026-03-03 09:08:51,19.39,47.67,989.12,1027.98
2026-03-03 09:14:31,19.49,46.84,989.17,1028.02
2026-03-03 09:20:31,19.68,46.56,989.29,1028.12
2026-03-03 09:26:21,19.77,46.42,989.23,1028.04
2026-03-03 09:31:31,19.87,46.7,989.22,1028.02
2026-03-03 09:36:51,19.93,45.87,989.31,1028.11
2026-03-03 09:42:31,19.92,45.44,989.27,1028.06
2026-03-03 09:48:31,20.05,45.32,989.44,1028.22
2026-03-03 09:54:21,20.17,44.95,989.34,1028.1
2026-03-03 09:59:31,20.3,45.06,989.53,1028.28
2026-03-03 10:04:51,20.41,44.75,989.62,1028.36
2026-03-03 10:10:31,20.39,44.43,989.41,1028.15
2026-03-03 10:16:31,20.4,44.82,989.42,1028.16
2026-03-03 10:22:31,20.59,45.11,989.61,1028.33
2026-03-03 10:28:21,20.67,45.7,989.5,1028.2
2026-03-03 10:33:31,20.77,45.42,989.62,1028.31
2026-03-03 10:39:31,20.84,45.18,989.46,1028.14
2026-03-03 10:45:31,20.75,44.76,989.67,1028.37
2026-03-03 10:51:21,20.91,44.84,989.51,1028.18
2026-03-03 10:56:31,20.97,44.81,989.62,1028.28
2026-03-03 11:01:51,21.06,46.01,989.64,1028.29
2026-03-03 11:07:31,21.12,44.55,989.54,1028.18
2026-03-03 11:13:21,21.16,44.47,989.49,1028.13
2026-03-03 11:18:31,21.18,44.16,989.55,1028.18
2026-03-03 11:23:51,21.07,44.23,989.61,1028.26
2026-03-03 11:29:31,21.05,43.41,989.59,1028.24
2026-03-03 11:35:31,21.07,44.96,989.63,1028.28
2026-03-03 11:41:21,21.18,44.03,989.56,1028.2
2026-03-03 11:46:31,21.23,43.66,989.52,1028.14
2026-03-03 11:51:51,21.29,43.43,989.53,1028.14
2026-03-03 11:57:31,21.32,43.54,989.45,1028.06
2026-03-03 12:03:31,21.3,44.02,989.38,1027.99
2026-03-03 12:09:21,21.25,43.28,989.47,1028.09
2026-03-03 12:14:31,21.16,43.16,989.4,1028.03
2026-03-03 12:19:41,21.1,43.11,989.46,1028.1
2026-03-03 12:25:31,21.04,43.24,989.41,1028.05
2026-03-03 12:31:21,21.0,43.22,989.27,1027.91
2026-03-03 12:36:31,20.96,43.3,989.29,1027.94
2026-03-03 12:42:21,20.94,43.5,989.24,1027.9
2026-03-03 12:47:31,20.9,43.59,989.13,1027.79
2026-03-03 12:53:31,20.88,43.66,989.09,1027.75
2026-03-03 12:59:21,20.86,43.63,989.04,1027.7
2026-03-03 13:04:31,20.85,43.88,988.95,1027.61
2026-03-03 13:09:51,20.83,44.16,989.03,1027.69
2026-03-03 13:15:31,20.37,40.9,989.05,1027.77
2026-03-03 13:21:31,20.44,41.65,989.04,1027.75
2026-03-03 13:27:31,20.51,42.51,989.12,1027.83
2026-03-03 13:33:31,20.45,43.23,989.04,1027.75
2026-03-03 13:39:21,20.39,43.5,988.79,1027.5
2026-03-03 13:44:31,20.35,43.79,988.83,1027.55
2026-03-03 13:49:51,20.33,43.9,988.73,1027.44
2026-03-03 13:55:31,20.3,44.11,988.67,1027.39
2026-03-03 14:01:31,20.21,44.46,988.85,1027.58
2026-03-03 14:07:21,20.16,44.55,988.7,1027.44
2026-03-03 14:12:31,20.16,44.59,988.73,1027.47
2026-03-03 14:17:51,20.15,44.73,988.7,1027.44
2026-03-03 14:23:31,20.11,44.89,988.81,1027.56
2026-03-03 14:29:31,20.08,45.01,988.76,1027.51
2026-03-03 14:34:41,20.29,44.77,988.71,1027.43
2026-03-03 14:40:31,20.52,44.38,988.64,1027.33
2026-03-03 14:46:21,20.68,44.31,988.59,1027.25
2026-03-03 14:51:31,20.83,44.31,988.63,1027.27
2026-03-03 14:56:51,20.91,44.21,988.63,1027.26
2026-03-03 15:02:31,21.0,44.0,988.68,1027.3
2026-03-03 15:08:31,21.1,43.93,988.53,1027.14
2026-03-03 15:14:21,21.15,44.06,988.64,1027.24
2026-03-03 15:19:31,21.26,43.82,988.46,1027.04
2026-03-03 15:24:51,20.92,42.05,988.43,1027.05
2026-03-03 15:30:31,20.91,42.88,988.33,1026.96
2026-03-03 15:36:31,20.86,43.0,988.35,1026.98
2026-03-03 15:42:21,20.76,43.23,988.27,1026.91
2026-03-03 15:47:31,20.69,43.36,988.36,1027.01
2026-03-03 15:52:51,20.64,43.3,988.15,1026.8
2026-03-03 15:58:31,20.57,43.37,988.24,1026.91
2026-03-03 16:04:31,20.53,43.55,988.18,1026.85
2026-03-03 16:09:51,20.47,43.6,988.23,1026.91
2026-03-03 16:15:31,20.42,43.65,988.1,1026.79
2026-03-03 16:21:31,20.35,43.57,988.12,1026.81
2026-03-03 16:27:21,20.17,43.21,988.2,1026.92
2026-03-03 16:32:31,20.11,43.42,987.99,1026.71
2026-03-03 16:37:51,20.16,43.26,988.15,1026.87
2026-03-03 16:43:31,20.14,43.4,988.19,1026.91
2026-03-03 16:48:41,20.13,43.63,988.18,1026.9
2026-03-03 16:54:31,20.16,43.94,988.1,1026.82
2026-03-03 17:00:21,20.16,44.26,988.17,1026.89
2026-03-03 17:05:31,20.16,44.41,988.11,1026.82
2026-03-03 17:10:51,20.16,44.54,988.18,1026.9
2026-03-03 17:16:31,20.17,44.6,988.13,1026.84
2026-03-03 17:22:31,20.2,44.49,988.25,1026.97
2026-03-03 17:28:21,20.17,44.73,988.29,1027.01
2026-03-03 17:33:31,20.35,45.83,988.24,1026.93
2026-03-03 17:38:41,20.53,45.38,988.13,1026.8
2026-03-03 17:44:31,20.64,45.13,988.12,1026.77
2026-03-03 17:50:16,20.79,45.02,988.2,1026.83
2026-03-03 17:55:31,20.88,44.66,988.2,1026.82
2026-03-03 18:00:51,20.98,44.44,988.32,1026.93
2026-03-03 18:06:31,20.98,43.86,988.22,1026.83
2026-03-03 18:11:41,21.07,44.26,988.28,1026.88
2026-03-03 18:17:31,21.02,43.75,988.25,1026.85
2026-03-03 18:23:21,20.93,43.84,988.15,1026.76
2026-03-03 18:28:31,20.88,43.99,988.27,1026.89
2026-03-03 18:33:51,20.72,43.66,988.19,1026.83
2026-03-03 18:39:31,20.65,43.89,988.21,1026.86
2026-03-03 18:45:31,20.6,44.08,988.15,1026.81
2026-03-03 18:51:21,20.56,44.14,988.15,1026.82
2026-03-03 18:56:31,20.47,44.18,988.21,1026.89
2026-03-03 19:01:51,20.41,44.12,988.12,1026.8
2026-03-03 19:07:31,20.37,44.15,988.21,1026.9
2026-03-03 19:13:31,20.33,44.38,988.3,1027.0
2026-03-03 19:18:51,20.28,44.51,988.16,1026.86
2026-03-03 19:24:31,20.25,44.67,988.01,1026.72
2026-03-03 19:30:31,20.21,44.83,988.18,1026.89
2026-03-03 19:36:21,20.2,44.86,988.14,1026.85
2026-03-03 19:41:31,20.16,45.0,988.09,1026.8
2026-03-03 19:46:51,20.17,44.98,988.1,1026.82
2026-03-03 19:52:31,20.14,45.06,988.04,1026.76
2026-03-03 19:58:31,20.11,45.01,988.13,1026.85
2026-03-03 20:04:21,20.09,45.07,988.24,1026.97
2026-03-03 20:09:31,20.07,45.12,988.13,1026.86
2026-03-03 20:14:51,20.08,45.09,988.1,1026.84
2026-03-03 20:20:31,20.03,45.1,988.25,1026.99
2026-03-03 20:26:31,19.99,45.05,988.56,1027.31
2026-03-03 20:32:21,19.97,45.0,988.41,1027.16
2026-03-03 20:37:31,19.97,45.11,988.48,1027.24
2026-03-03 20:43:01,19.96,45.08,988.41,1027.17
2026-03-03 20:48:31,19.91,45.11,988.56,1027.33
2026-03-03 20:54:31,19.9,45.08,988.41,1027.17
2026-03-03 21:00:01,19.89,45.03,988.46,1027.23
2026-03-03 21:05:31,19.86,44.99,988.38,1027.15
2026-03-03 21:11:31,19.84,44.93,988.35,1027.12
2026-03-03 21:17:31,19.79,44.9,988.42,1027.2
2026-03-03 21:23:21,19.78,44.94,988.44,1027.22
2026-03-03 21:28:31,19.77,45.01,988.47,1027.25
2026-03-03 21:33:51,19.74,45.13,988.41,1027.2
2026-03-03 21:39:31,19.73,45.1,988.6,1027.4
2026-03-03 21:45:31,19.72,45.15,988.42,1027.21
2026-03-03 21:51:11,19.7,45.25,988.56,1027.36
2026-03-03 21:56:31,19.73,45.41,988.39,1027.18
2026-03-03 22:01:41,19.69,45.4,988.61,1027.41
2026-03-03 22:07:11,19.79,45.24,988.47,1027.25
2026-03-03 22:12:31,19.47,43.85,988.47,1027.3
2026-03-03 22:17:41,19.26,43.02,988.54,1027.4
2026-03-03 22:23:01,19.08,42.38,988.5,1027.39
2026-03-03 22:28:31,18.97,42.08,988.42,1027.32
2026-03-03 22:34:31,18.76,41.73,988.51,1027.44
2026-03-03 22:40:11,18.65,41.51,988.57,1027.52
2026-03-03 22:45:17,18.52,41.55,988.4,1027.36
2026-03-03 22:50:31,18.42,41.34,988.5,1027.48
2026-03-03 22:56:31,18.32,41.46,988.58,1027.57
2026-03-03 23:02:21,18.18,41.5,988.55,1027.56
2026-03-03 23:07:31,18.16,41.38,988.6,1027.62
2026-03-03 23:13:01,18.02,41.37,988.48,1027.51
2026-03-03 23:18:31,17.93,41.46,988.59,1027.64
2026-03-03 23:24:31,17.88,41.62,988.53,1027.59
2026-03-03 23:30:31,17.78,42.02,988.55,1027.62
2026-03-03 23:36:21,17.69,42.03,988.54,1027.62
2026-03-03 23:41:31,17.62,42.26,988.48,1027.57
2026-03-03 23:47:11,17.62,42.39,988.41,1027.5
2026-03-03 23:52:31,17.52,42.42,988.45,1027.55
2026-03-03 23:57:41,17.43,42.41,988.46,1027.57
2026-03-04 00:03:31,17.38,42.4,988.41,1027.54
2026-03-04 00:09:21,17.27,42.31,988.47,1027.6
2026-03-04 00:14:31,17.24,42.51,988.59,1027.74
2026-03-04 00:19:51,17.21,42.45,988.69,1027.85
2026-03-04 00:25:31,17.15,42.7,988.46,1027.62
2026-03-04 00:30:41,17.07,42.78,988.58,1027.75
2026-03-04 00:36:31,17.01,43.02,988.65,1027.83
2026-03-04 00:42:21,16.93,42.95,988.52,1027.71
2026-03-04 00:47:31,16.93,43.12,988.7,1027.9
2026-03-04 00:52:51,16.88,43.31,988.68,1027.88
2026-03-04 00:58:31,16.88,43.21,988.53,1027.73
2026-03-04 01:03:41,16.79,43.26,988.65,1027.87
2026-03-04 01:09:31,16.71,43.15,988.5,1027.72
2026-03-04 01:15:21,16.71,43.51,988.54,1027.76
2026-03-04 01:20:31,16.68,43.6,988.5,1027.72
2026-03-04 01:25:51,16.62,43.67,988.53,1027.77
2026-03-04 01:31:31,16.54,43.79,988.52,1027.76
2026-03-04 01:37:31,16.41,43.92,988.46,1027.72
2026-03-04 01:43:21,16.43,43.97,988.42,1027.68
2026-03-04 01:48:31,16.4,43.94,988.36,1027.62
2026-03-04 01:53:51,16.34,44.12,988.39,1027.66
2026-03-04 01:59:31,16.29,44.55,988.33,1027.61
2026-03-04 02:05:31,16.26,44.65,988.28,1027.56
2026-03-04 02:11:21,16.23,44.99,988.21,1027.49
2026-03-04 02:16:31,16.2,45.36,988.26,1027.55
2026-03-04 02:21:51,16.14,45.58,988.28,1027.58
2026-03-04 02:27:31,16.15,45.6,988.28,1027.57
2026-03-04 02:33:31,16.08,45.59,988.23,1027.53
2026-03-04 02:39:01,16.04,45.62,988.37,1027.68
2026-03-04 02:44:31,16.01,45.67,988.28,1027.59
2026-03-04 02:50:31,15.97,45.11,988.35,1027.67
2026-03-04 02:56:31,15.97,44.71,988.37,1027.69
2026-03-04 03:01:57,15.87,44.58,988.42,1027.76
2026-03-04 03:07:01,15.82,44.4,988.22,1027.56
2026-03-04 03:12:31,15.81,44.23,988.3,1027.64
2026-03-04 03:17:51,15.72,44.11,988.33,1027.69
2026-03-04 03:23:31,15.67,44.03,988.22,1027.58
2026-03-04 03:29:31,15.65,44.03,988.24,1027.61
2026-03-04 03:35:21,15.56,43.83,988.22,1027.59
2026-03-04 03:40:31,15.52,43.69,988.2,1027.58
2026-03-04 03:46:11,15.46,43.53,988.18,1027.57
2026-03-04 03:51:31,15.44,43.44,988.12,1027.51
2026-03-04 03:56:41,15.38,43.23,988.14,1027.54
2026-03-04 04:02:31,15.33,43.42,988.16,1027.57
2026-03-04 04:08:21,15.29,43.98,988.13,1027.54
2026-03-04 04:13:31,15.28,43.97,988.13,1027.54
2026-03-04 04:18:51,15.22,43.54,988.14,1027.56
2026-03-04 04:24:31,15.16,43.34,988.16,1027.59
2026-03-04 04:29:41,15.14,43.46,987.97,1027.4
2026-03-04 04:35:31,15.1,43.36,988.02,1027.46
2026-03-04 04:41:21,15.06,43.5,987.72,1027.15
2026-03-04 04:46:31,14.99,43.93,987.84,1027.28
2026-03-04 04:51:51,15.01,43.58,987.85,1027.29
2026-03-04 04:57:31,14.91,43.34,987.81,1027.26
2026-03-04 05:03:31,14.87,44.05,987.79,1027.25
2026-03-04 05:09:21,14.87,44.22,987.77,1027.23
2026-03-04 05:14:31,14.88,44.28,987.79,1027.25
2026-03-04 05:19:51,14.8,44.56,987.88,1027.35
2026-03-04 05:25:31,14.77,44.72,987.87,1027.35
2026-03-04 05:31:31,14.72,44.65,987.83,1027.31
2026-03-04 05:37:21,14.69,44.6,987.96,1027.45
2026-03-04 05:42:31,14.66,44.74,987.83,1027.32
2026-03-04 05:47:51,14.66,45.12,987.85,1027.34
2026-03-04 05:53:31,14.61,45.1,988.03,1027.53
2026-03-04 05:59:31,14.6,44.88,987.95,1027.46
2026-03-04 06:05:11,14.58,45.02,988.0,1027.51
2026-03-04 06:10:31,14.59,44.9,988.01,1027.52
2026-03-04 06:15:51,14.52,45.65,987.99,1027.51
2026-03-04 06:21:31,14.51,45.02,987.92,1027.44
2026-03-04 06:27:31,14.46,44.61,988.01,1027.54
2026-03-04 06:33:21,14.41,44.2,988.0,1027.54
2026-03-04 06:38:31,14.49,45.59,988.17,1027.7
2026-03-04 06:43:51,14.61,47.28,988.17,1027.68
2026-03-04 06:49:31,14.61,46.71,988.18,1027.69
2026-03-04 06:55:31,14.63,46.59,988.2,1027.72
2026-03-04 07:01:21,14.65,46.49,988.2,1027.71
2026-03-04 07:06:31,14.68,46.44,988.34,1027.85
2026-03-04 07:11:51,14.68,46.42,988.36,1027.87
2026-03-04 07:17:31,14.68,46.43,988.32,1027.83
2026-03-04 07:23:31,14.7,46.46,988.38,1027.89
2026-03-04 07:29:11,14.7,46.45,988.36,1027.87
2026-03-04 07:34:31,14.73,46.4,988.35,1027.86
2026-03-04 07:39:41,14.73,46.44,988.52,1028.03
2026-03-04 07:45:31,14.73,46.43,988.56,1028.07
2026-03-04 07:51:21,14.76,46.43,988.56,1028.07
2026-03-04 07:56:31,14.77,46.42,988.62,1028.13
2026-03-04 08:02:11,14.77,46.38,988.52,1028.03
2026-03-04 08:07:31,14.79,46.36,988.64,1028.15
2026-03-04 08:12:41,15.03,50.56,988.76,1028.24
2026-03-04 08:18:31,15.6,50.32,988.74,1028.14
2026-03-04 08:24:21,15.92,50.35,988.75,1028.1
2026-03-04 08:29:31,16.14,49.76,988.73,1028.04
2026-03-04 08:34:51,16.44,49.24,988.89,1028.17
2026-03-04 08:40:11,16.69,48.76,988.82,1028.06
2026-03-04 08:45:31,16.89,48.27,988.93,1028.14
2026-03-04 08:50:41,17.08,47.74,988.71,1027.89
2026-03-04 08:56:31,17.2,47.47,988.69,1027.85
2026-03-04 09:02:21,17.29,46.92,988.77,1027.93
2026-03-04 09:07:31,17.39,46.39,988.62,1027.75
2026-03-04 09:12:51,17.46,46.11,988.68,1027.8
2026-03-04 09:18:31,17.6,45.96,988.6,1027.7
2026-03-04 09:24:31,17.77,45.89,988.38,1027.45
2026-03-04 09:30:11,17.59,44.57,988.59,1027.69
2026-03-04 09:35:31,17.75,45.17,988.65,1027.73
2026-03-04 09:40:41,17.84,44.42,988.62,1027.69
2026-03-04 09:46:31,17.85,44.06,988.66,1027.72
2026-03-04 09:52:20,17.89,43.98,988.76,1027.82
2026-03-04 09:57:31,17.91,44.03,988.64,1027.7
2026-03-04 10:02:41,17.81,44.29,988.66,1027.72
2026-03-04 10:08:31,17.93,43.95,988.84,1027.9
2026-03-04 10:14:21,18.13,45.05,988.68,1027.71
2026-03-04 10:19:31,18.28,46.28,988.78,1027.8
2026-03-04 10:24:51,18.42,45.21,988.94,1027.93
2026-03-04 10:30:31,18.55,45.19,988.64,1027.61
2026-03-04 10:35:41,18.67,44.38,988.86,1027.82
2026-03-04 10:41:31,18.84,44.57,988.87,1027.81
2026-03-04 10:47:21,18.86,43.98,988.9,1027.83
2026-03-04 10:52:31,18.92,43.63,988.8,1027.72
2026-03-04 10:57:51,18.99,43.46,988.81,1027.72
2026-03-04 11:03:21,19.0,43.51,988.75,1027.66
2026-03-04 11:08:31,19.11,43.94,988.91,1027.81
2026-03-04 11:14:31,19.24,45.44,988.91,1027.79
2026-03-04 11:20:21,19.43,45.29,988.97,1027.83
2026-03-04 11:25:31,19.55,45.47,988.95,1027.79
2026-03-04 11:30:51,19.62,45.38,988.99,1027.82
2026-03-04 11:36:31,19.69,45.14,988.93,1027.75
2026-03-04 11:42:31,19.83,45.16,988.96,1027.76
2026-03-04 11:48:21,19.88,45.12,988.81,1027.6
2026-03-04 11:53:31,19.91,44.82,988.8,1027.58
2026-03-04 11:58:51,20.06,44.77,989.05,1027.82
2026-03-04 12:04:31,20.15,44.56,988.88,1027.63
2026-03-04 12:10:31,20.24,44.09,988.73,1027.46
2026-03-04 12:16:21,20.39,44.78,988.69,1027.4
2026-03-04 12:21:31,20.5,43.67,988.92,1027.62
2026-03-04 12:26:51,20.67,45.25,988.71,1027.38
2026-03-04 12:32:31,20.79,43.16,988.59,1027.24
2026-03-04 12:38:31,20.82,43.19,988.69,1027.34
2026-03-04 12:44:11,20.88,42.89,988.59,1027.23
2026-03-04 12:49:31,20.93,42.72,988.6,1027.23
2026-03-04 12:54:41,20.99,42.58,988.63,1027.25
2026-03-04 13:00:20,21.14,42.46,988.65,1027.26
2026-03-04 13:05:31,21.25,43.07,988.65,1027.24
2026-03-04 13:10:41,21.27,42.69,988.57,1027.15
2026-03-04 13:16:31,21.47,42.5,988.39,1026.94
2026-03-04 13:22:21,21.59,43.05,988.48,1027.01
2026-03-04 13:27:31,21.68,42.56,988.48,1027.0
2026-03-04 13:32:51,21.73,42.35,988.29,1026.8
2026-03-04 13:38:31,21.83,41.95,988.31,1026.81
2026-03-04 13:44:31,21.88,42.14,988.29,1026.78
2026-03-04 13:50:21,21.96,42.04,988.43,1026.91
2026-03-04 13:55:31,22.02,42.27,988.22,1026.68
2026-03-04 14:00:51,20.27,37.93,988.21,1026.91
2026-03-04 14:06:31,19.69,39.17,988.29,1027.08
2026-03-04 14:12:01,20.56,39.67,988.14,1026.81
2026-03-04 14:17:31,20.86,39.86,988.37,1027.0
2026-03-04 14:23:31,20.99,40.03,988.28,1026.89
2026-03-04 14:29:31,21.08,40.08,988.16,1026.75
2026-03-04 14:35:21,21.1,40.21,988.08,1026.66
2026-03-04 14:40:31,21.15,40.26,988.31,1026.9
2026-03-04 14:45:51,21.17,40.32,987.94,1026.51
2026-03-04 14:51:31,21.19,40.49,987.97,1026.54
2026-03-04 14:57:31,21.21,40.55,988.02,1026.59
2026-03-04 15:03:21,21.21,40.63,987.9,1026.46
2026-03-04 15:08:31,21.24,40.72,988.0,1026.56
2026-03-04 15:13:51,21.22,40.81,987.87,1026.43
2026-03-04 15:19:11,21.24,40.95,987.8,1026.36
2026-03-04 15:24:31,21.26,40.92,987.78,1026.33
2026-03-04 15:29:41,21.24,40.91,987.73,1026.28
2026-03-04 15:35:31,21.26,41.04,987.79,1026.34
2026-03-04 15:41:21,21.19,41.08,987.72,1026.28
2026-03-04 15:46:31,21.17,41.18,987.67,1026.23
2026-03-04 15:52:11,21.12,41.3,987.68,1026.24
2026-03-04 15:57:31,21.09,41.29,987.79,1026.36
2026-03-04 16:02:41,21.07,41.32,987.75,1026.33
2026-03-04 16:08:31,21.06,41.46,987.63,1026.2
2026-03-04 16:14:21,21.02,41.44,987.59,1026.17
2026-03-04 16:19:31,20.99,41.51,987.4,1025.97
2026-03-04 16:24:51,20.95,41.54,987.51,1026.08
2026-03-04 16:30:31,20.97,41.44,987.44,1026.02
2026-03-04 16:36:31,20.94,41.52,987.38,1025.96
2026-03-04 16:42:31,20.91,41.51,987.26,1025.84
2026-03-04 16:48:21,20.91,41.67,987.33,1025.92
2026-03-04 16:53:31,20.9,41.69,987.27,1025.85
2026-03-04 16:58:51,21.03,42.28,987.33,1025.89
2026-03-04 17:04:31,21.11,42.28,987.25,1025.8
2026-03-04 17:09:41,21.25,42.55,987.37,1025.91
2026-03-04 17:15:31,21.31,42.05,987.37,1025.9
2026-03-04 17:21:21,21.4,42.0,987.3,1025.81
2026-03-04 17:26:31,21.46,41.26,987.24,1025.74
2026-03-04 17:31:51,21.49,42.23,987.31,1025.81
2026-03-04 17:37:31,21.38,41.57,987.18,1025.69
2026-03-04 17:42:41,21.41,41.41,987.3,1025.81
2026-03-04 17:48:31,21.36,41.21,987.38,1025.9
2026-03-04 17:54:21,21.29,41.07,987.38,1025.91
2026-03-04 17:59:31,21.23,41.14,987.34,1025.87
2026-03-04 18:04:51,21.18,41.21,987.34,1025.88
2026-03-04 18:10:31,21.1,41.19,987.31,1025.86
2026-03-04 18:15:41,21.06,41.26,987.38,1025.94
2026-03-04 18:21:31,20.99,41.34,987.41,1025.98
2026-03-04 18:27:21,20.95,41.45,987.47,1026.05
2026-03-04 18:32:31,20.9,41.53,987.49,1026.08
2026-03-04 18:37:51,20.86,41.55,987.6,1026.2
2026-03-04 18:43:31,20.8,41.59,987.43,1026.03
2026-03-04 18:48:41,20.77,41.67,987.58,1026.19
2026-03-04 18:54:31,20.74,41.62,987.59,1026.21
2026-03-04 19:00:21,20.73,41.67,987.59,1026.21
2026-03-04 19:05:31,20.67,41.68,987.62,1026.24
2026-03-04 19:10:51,20.66,41.75,987.62,1026.25
2026-03-04 19:16:31,20.64,41.73,987.54,1026.17
2026-03-04 19:21:41,20.61,41.79,987.58,1026.22
2026-03-04 19:27:31,20.56,41.82,987.62,1026.26
2026-03-04 19:33:21,20.55,41.85,987.75,1026.4
2026-03-04 19:38:31,20.52,41.8,987.67,1026.32
2026-03-04 19:43:51,20.45,42.11,987.75,1026.41
2026-03-04 19:49:31,20.34,42.29,987.61,1026.28
2026-03-04 19:55:31,20.22,42.56,987.69,1026.38
2026-03-04 20:01:31,20.13,42.82,987.7,1026.41
2026-03-04 20:07:21,20.04,43.04,987.85,1026.57
2026-03-04 20:12:31,19.98,43.3,987.83,1026.56
2026-03-04 20:17:51,19.92,43.48,987.81,1026.55
2026-03-04 20:23:31,19.83,43.62,987.9,1026.66
2026-03-04 20:28:41,19.77,43.71,987.92,1026.69
2026-03-04 20:34:31,19.7,43.93,987.93,1026.71
2026-03-04 20:40:21,19.65,44.0,987.83,1026.61
2026-03-04 20:45:31,19.59,44.14,987.98,1026.78
2026-03-04 20:50:51,19.49,44.31,988.14,1026.95
2026-03-04 20:56:31,19.46,44.38,988.08,1026.89
2026-03-04 21:01:38,19.42,44.48,988.13,1026.95
2026-03-04 21:07:31,19.38,44.54,988.05,1026.88
2026-03-04 21:13:21,19.31,43.75,988.11,1026.95
2026-03-04 21:18:31,19.1,43.07,987.96,1026.82
2026-03-04 21:23:51,18.9,42.54,988.16,1027.06
2026-03-04 21:29:31,18.77,42.19,988.09,1027.0
2026-03-04 21:34:41,18.66,42.05,988.14,1027.07
2026-03-04 21:40:31,18.56,42.07,988.15,1027.1
2026-03-04 21:46:21,18.45,41.96,988.2,1027.16
2026-03-04 21:51:31,18.38,41.87,988.19,1027.16
2026-03-04 21:56:51,18.27,41.86,988.23,1027.22
2026-03-04 22:02:31,18.17,41.81,988.17,1027.17
2026-03-04 22:08:31,18.06,41.46,988.27,1027.29
2026-03-04 22:14:21,17.99,41.28,988.2,1027.23
2026-03-04 22:19:31,17.91,41.11,988.26,1027.3
2026-03-04 22:24:51,17.8,41.15,988.22,1027.27
2026-03-04 22:30:31,17.75,41.15,988.25,1027.32
2026-03-04 22:36:31,17.69,41.14,988.22,1027.29
2026-03-04 22:41:51,17.61,41.21,988.13,1027.21
2026-03-04 22:47:31,17.53,41.25,987.99,1027.08
2026-03-04 22:53:31,17.47,41.21,988.05,1027.14
2026-03-04 22:59:21,17.41,41.26,988.14,1027.25
2026-03-04 23:04:31,17.31,41.2,988.01,1027.13
2026-03-04 23:09:51,17.28,41.16,988.09,1027.22
2026-03-04 23:15:31,17.17,41.37,988.0,1027.13
2026-03-04 23:21:31,17.13,41.64,988.12,1027.27
2026-03-04 23:27:31,17.06,41.29,987.99,1027.14
2026-03-04 23:33:21,17.02,41.24,988.01,1027.17
2026-03-04 23:38:31,16.92,41.38,987.95,1027.12
2026-03-04 23:43:51,16.89,41.48,988.09,1027.27
2026-03-04 23:49:31,16.83,41.72,988.0,1027.19
2026-03-04 23:54:41,16.79,41.66,987.94,1027.13
2026-03-05 00:00:17,16.78,41.55,987.98,1027.18
2026-03-05 00:05:31,16.71,42.08,988.01,1027.21
2026-03-05 00:11:01,16.64,42.31,987.98,1027.2
2026-03-05 00:16:31,16.61,42.22,988.03,1027.25
2026-03-05 00:22:31,16.53,42.35,988.0,1027.22
2026-03-05 00:27:41,16.46,42.43,988.15,1027.39
2026-03-05 00:33:31,16.44,42.62,988.18,1027.42
2026-03-05 00:39:21,16.4,42.72,988.33,1027.59
2026-03-05 00:44:31,16.37,42.65,988.16,1027.42
2026-03-05 00:49:51,16.33,42.51,988.06,1027.32
2026-03-05 00:55:31,16.26,42.71,988.33,1027.61
2026-03-05 01:00:41,16.21,42.61,988.13,1027.41
2026-03-05 01:06:18,16.13,42.55,987.95,1027.23
2026-03-05 01:11:31,16.08,42.7,988.11,1027.41
2026-03-05 01:17:01,16.05,42.72,988.24,1027.55
2026-03-05 01:22:31,15.99,42.96,988.1,1027.41
2026-03-05 01:28:31,16.02,42.69,988.12,1027.43
2026-03-05 01:33:41,15.97,42.7,988.03,1027.35
2026-03-05 01:39:31,15.87,43.02,988.16,1027.49
2026-03-05 01:45:21,15.83,43.13,988.21,1027.55
2026-03-05 01:50:31,15.81,43.1,988.2,1027.54
2026-03-05 01:55:51,15.8,43.13,988.27,1027.62
2026-03-05 02:01:31,15.76,43.23,988.24,1027.6
2026-03-05 02:07:31,15.68,43.28,988.21,1027.57
2026-03-05 02:13:31,15.64,43.28,988.1,1027.46
2026-03-05 02:19:21,15.62,43.2,988.1,1027.47
2026-03-05 02:24:31,15.57,43.18,988.15,1027.53
2026-03-05 02:29:51,15.55,43.23,988.11,1027.48
2026-03-05 02:35:31,15.48,43.15,988.15,1027.54
2026-03-05 02:40:41,15.45,43.22,988.09,1027.47
2026-03-05 02:46:31,15.4,43.42,988.08,1027.48
2026-03-05 02:52:21,15.39,43.42,988.0,1027.39
2026-03-05 02:57:31,15.34,43.39,988.1,1027.5
2026-03-05 03:02:51,15.27,43.58,987.9,1027.31
2026-03-05 03:08:31,15.23,43.35,988.0,1027.42
2026-03-05 03:14:31,15.19,43.5,987.93,1027.35
2026-03-05 03:20:31,15.16,43.5,987.96,1027.39
2026-03-05 03:26:31,15.11,43.65,988.01,1027.44
2026-03-05 03:32:21,15.08,43.63,988.1,1027.55
2026-03-05 03:37:31,15.1,43.55,988.13,1027.58
2026-03-05 03:42:51,15.01,43.6,988.15,1027.6
2026-03-05 03:48:31,14.97,43.79,988.13,1027.59
2026-03-05 03:53:41,14.94,44.1,988.25,1027.72
2026-03-05 03:59:31,14.9,43.88,988.22,1027.69
2026-03-05 04:05:21,14.86,43.79,988.22,1027.7
2026-03-05 04:10:31,14.8,43.9,988.23,1027.71
2026-03-05 04:15:51,14.79,43.77,988.19,1027.68
2026-03-05 04:21:31,14.73,43.78,988.23,1027.73
2026-03-05 04:26:41,14.69,43.88,988.17,1027.67
2026-03-05 04:32:31,14.62,44.08,988.11,1027.62
2026-03-05 04:38:21,14.56,43.95,988.03,1027.55
2026-03-05 04:43:31,14.54,43.92,988.11,1027.63
2026-03-05 04:48:51,14.5,44.12,988.11,1027.64
2026-03-05 04:54:31,14.46,44.21,988.13,1027.66
2026-03-05 04:59:41,14.45,44.4,987.96,1027.49
2026-03-05 05:05:31,14.45,44.39,988.15,1027.68
2026-03-05 05:11:21,14.43,44.28,988.29,1027.84
2026-03-05 05:16:31,14.4,44.43,988.34,1027.89
2026-03-05 05:21:51,14.37,44.22,988.24,1027.79
2026-03-05 05:27:31,14.32,44.06,988.39,1027.96
2026-03-05 05:33:31,14.24,44.32,988.25,1027.82
2026-03-05 05:39:21,14.24,43.65,988.25,1027.82
2026-03-05 05:44:31,14.14,43.33,988.4,1027.99
2026-03-05 05:49:51,14.11,42.93,988.3,1027.89
2026-03-05 05:55:31,14.06,42.65,988.41,1028.01
2026-03-05 06:01:31,14.01,42.48,988.3,1027.91
2026-03-05 06:07:21,13.92,42.18,988.27,1027.89
2026-03-05 06:12:31,13.85,42.12,988.32,1027.95
2026-03-05 06:17:51,13.82,41.99,988.21,1027.84
2026-03-05 06:23:31,13.76,41.84,988.22,1027.86
2026-03-05 06:29:31,13.91,44.72,988.26,1027.88
2026-03-05 06:35:21,14.21,48.6,988.31,1027.88
2026-03-05 06:40:31,14.27,48.88,988.42,1028.0
2026-03-05 06:45:51,14.45,48.99,988.23,1027.78
2026-03-05 06:51:31,14.8,49.42,988.38,1027.87
2026-03-05 06:57:31,14.77,48.12,988.32,1027.82
2026-03-05 07:03:21,14.77,49.54,988.39,1027.89
2026-03-05 07:08:31,14.81,49.55,988.36,1027.85
2026-03-05 07:13:51,15.09,50.5,988.36,1027.81
2026-03-05 07:19:16,15.4,51.4,988.35,1027.76
2026-03-05 07:24:21,15.62,50.56,988.37,1027.75
2026-03-05 07:29:31,15.88,50.51,988.37,1027.71
2026-03-05 07:34:51,16.11,50.21,988.47,1027.78
2026-03-05 07:40:31,16.34,49.21,988.31,1027.58
2026-03-05 07:46:31,16.49,48.52,988.33,1027.58
2026-03-05 07:52:21,16.59,47.74,988.31,1027.54
2026-03-05 07:57:31,16.85,47.58,988.44,1027.64
2026-03-05 08:02:51,17.04,48.22,988.35,1027.52
2026-03-05 08:08:31,17.17,47.43,988.43,1027.58
2026-03-05 08:14:31,17.19,46.81,988.5,1027.65
2026-03-05 08:20:21,17.21,46.49,988.49,1027.64
2026-03-05 08:25:31,17.42,46.23,988.4,1027.52
2026-03-05 08:30:51,17.53,46.15,988.47,1027.57
2026-03-05 08:36:31,17.66,46.02,988.36,1027.45
2026-03-05 08:42:31,17.7,45.78,988.26,1027.33
2026-03-05 08:48:21,17.79,45.36,988.31,1027.38
2026-03-05 08:53:31,17.96,45.7,988.51,1027.56
2026-03-05 08:59:31,18.41,45.65,988.43,1027.41
2026-03-05 09:05:31,18.45,44.89,988.39,1027.36
2026-03-05 09:11:21,18.47,45.2,988.52,1027.49
2026-03-05 09:16:31,18.65,45.37,988.39,1027.33
2026-03-05 09:21:51,18.78,45.58,988.4,1027.33
2026-03-05 09:27:31,18.82,44.89,988.39,1027.31
2026-03-05 09:32:41,19.02,44.91,988.38,1027.27
2026-03-05 09:38:31,19.22,45.42,988.42,1027.28
2026-03-05 09:44:21,19.41,45.56,988.42,1027.25
2026-03-05 09:49:31,19.55,45.47,988.48,1027.3
2026-03-05 09:54:51,19.7,45.62,988.41,1027.21
2026-03-05 10:00:31,19.87,45.42,988.5,1027.28
2026-03-05 10:06:31,20.04,45.07,988.52,1027.27
2026-03-05 10:12:21,20.24,46.98,988.42,1027.15
2026-03-05 10:17:31,20.19,44.42,988.43,1027.16
2026-03-05 10:22:41,20.27,44.35,988.33,1027.04
2026-03-05 10:28:31,20.23,44.62,988.43,1027.15
2026-03-05 10:34:21,20.41,44.41,988.37,1027.07
2026-03-05 10:39:31,20.57,44.51,988.38,1027.05
2026-03-05 10:44:51,20.67,44.46,988.33,1026.99
2026-03-05 10:50:23,20.82,44.97,988.28,1026.91
2026-03-05 10:55:31,20.93,44.25,988.24,1026.86
2026-03-05 11:00:51,21.06,44.49,988.25,1026.85
2026-03-05 11:06:31,21.13,43.68,988.17,1026.75
2026-03-05 11:12:31,21.22,43.2,988.11,1026.69
2026-03-05 11:18:11,21.29,43.7,988.18,1026.74
2026-03-05 11:23:31,21.35,44.19,988.14,1026.69
2026-03-05 11:28:41,21.4,44.47,988.1,1026.64
2026-03-05 11:34:31,21.44,44.49,987.99,1026.52
2026-03-05 11:40:21,21.48,44.39,988.11,1026.64
2026-03-05 11:45:31,21.53,44.36,988.16,1026.69
2026-03-05 11:50:51,21.63,44.26,987.99,1026.5
2026-03-05 11:56:31,21.73,43.97,987.98,1026.48
2026-03-05 12:02:31,21.91,45.56,987.89,1026.36
2026-03-05 12:08:21,22.11,44.48,987.82,1026.25
2026-03-05 12:13:31,22.25,44.38,987.85,1026.27
2026-03-05 12:19:11,22.38,44.2,987.77,1026.17
2026-03-05 12:24:31,22.57,44.27,987.8,1026.17
2026-03-05 12:29:41,22.69,43.45,987.72,1026.07
2026-03-05 12:35:21,22.87,43.49,987.7,1026.03
2026-03-05 12:40:31,22.93,43.36,987.63,1025.94
2026-03-05 12:46:01,23.05,43.11,987.47,1025.76
2026-03-05 12:51:05,23.19,43.55,987.52,1025.79
2026-03-05 12:56:31,23.23,42.8,987.48,1025.75
2026-03-05 13:02:21,23.25,42.15,987.4,1025.66
2026-03-05 13:07:31,23.22,42.15,987.37,1025.63
2026-03-05 13:12:41,23.26,42.19,987.29,1025.55
2026-03-05 13:18:31,23.24,41.9,987.25,1025.51
2026-03-05 13:24:21,23.22,41.91,987.03,1025.28
2026-03-05 13:29:31,23.22,42.04,987.13,1025.39
2026-03-05 13:34:51,23.21,42.08,987.04,1025.29
2026-03-05 13:40:31,23.2,42.06,987.04,1025.29
2026-03-05 13:45:41,23.23,42.12,986.97,1025.22
2026-03-05 13:51:31,23.21,42.02,986.73,1024.97
2026-03-05 13:57:21,23.12,42.91,986.67,1024.92
2026-03-05 14:02:31,23.04,42.98,986.66,1024.92
2026-03-05 14:07:51,23.0,42.97,986.69,1024.95
2026-03-05 14:13:31,22.93,42.7,986.6,1024.87
2026-03-05 14:19:31,22.91,42.61,986.53,1024.8
2026-03-05 14:25:21,22.86,42.6,986.41,1024.69
2026-03-05 14:30:31,22.81,42.71,986.48,1024.76
2026-03-05 14:35:41,22.79,42.68,986.49,1024.78
2026-03-05 14:41:31,22.78,42.83,986.42,1024.71
2026-03-05 14:47:21,22.89,43.26,986.37,1024.64
2026-03-05 14:52:31,22.84,43.3,986.45,1024.72
2026-03-05 14:58:11,22.76,43.5,986.17,1024.45
2026-03-05 15:03:31,22.7,43.63,986.12,1024.4
2026-03-05 15:08:41,22.68,43.94,986.23,1024.52
2026-03-05 15:14:11,22.7,43.89,986.18,1024.47
2026-03-05 15:19:31,22.66,44.04,986.0,1024.28
2026-03-05 15:24:41,22.64,44.05,986.0,1024.29
2026-03-05 15:30:31,22.63,44.08,986.07,1024.36
2026-03-05 15:36:21,22.58,44.09,986.04,1024.33
2026-03-05 15:41:31,22.5,44.19,986.0,1024.31
2026-03-05 15:47:11,22.38,44.47,985.85,1024.17
2026-03-05 15:52:31,22.25,44.51,985.95,1024.29
2026-03-05 15:57:41,22.14,44.61,985.81,1024.15
2026-03-05 16:03:31,22.1,44.56,985.67,1024.02
2026-03-05 16:09:21,22.01,44.71,985.73,1024.1
2026-03-05 16:14:31,21.94,44.66,985.85,1024.22
2026-03-05 16:19:51,21.88,44.65,985.77,1024.15
2026-03-05 16:25:31,21.8,44.69,985.73,1024.12
2026-03-05 16:31:31,21.71,44.69,985.87,1024.28
2026-03-05 16:37:21,21.66,44.64,985.86,1024.27
2026-03-05 16:42:31,21.6,44.72,985.74,1024.16
2026-03-05 16:47:51,21.53,44.88,985.8,1024.23
2026-03-05 16:53:31,21.47,44.97,985.65,1024.09
2026-03-05 16:58:51,21.41,44.98,985.62,1024.06
2026-03-05 17:04:31,21.37,45.01,985.56,1024.01
2026-03-05 17:10:31,21.22,45.24,985.53,1023.99
2026-03-05 17:16:17,21.18,45.03,985.6,1024.07
2026-03-05 17:21:31,21.1,45.16,985.59,1024.07
2026-03-05 17:26:51,21.04,45.23,985.56,1024.05
2026-03-05 17:32:09,20.97,45.17,985.65,1024.16
2026-03-05 17:37:21,20.96,45.11,985.66,1024.17
2026-03-05 17:42:31,20.86,45.28,985.67,1024.19
2026-03-05 17:47:51,20.76,45.37,985.7,1024.23
2026-03-05 17:53:31,20.68,45.41,985.68,1024.22
2026-03-05 17:59:31,20.6,45.43,985.68,1024.24
2026-03-05 18:05:21,20.53,45.56,985.74,1024.31
2026-03-05 18:10:31,20.45,45.55,985.69,1024.26
2026-03-05 18:15:51,20.39,45.55,985.68,1024.26
2026-03-05 18:21:31,20.34,45.6,985.52,1024.1
2026-03-05 18:27:31,20.3,45.63,985.69,1024.29
2026-03-05 18:33:21,20.22,45.66,985.6,1024.2
2026-03-05 18:38:31,20.19,45.72,985.63,1024.24
2026-03-05 18:43:41,20.14,45.78,985.67,1024.29
2026-03-05 18:49:31,20.07,45.73,985.58,1024.21
2026-03-05 18:55:21,20.02,45.84,985.58,1024.21
2026-03-05 19:00:31,19.97,45.87,985.59,1024.23
2026-03-05 19:05:51,19.9,45.93,985.66,1024.31
2026-03-05 19:11:31,19.86,45.98,985.68,1024.34
2026-03-05 19:17:31,19.78,46.04,985.65,1024.32
2026-03-05 19:23:21,19.75,46.03,985.56,1024.23
2026-03-05 19:28:31,19.69,46.17,985.6,1024.28
2026-03-05 19:33:51,19.65,46.13,985.56,1024.24
2026-03-05 19:39:31,19.59,46.17,985.59,1024.29
2026-03-05 19:45:31,19.56,46.22,985.55,1024.25
2026-03-05 19:51:21,19.49,46.3,985.71,1024.42
2026-03-05 19:56:31,19.46,46.3,985.66,1024.37
2026-03-05 20:01:51,19.4,46.33,985.69,1024.41
2026-03-05 20:07:31,19.36,46.34,985.61,1024.34
2026-03-05 20:13:31,19.3,46.42,985.61,1024.35
2026-03-05 20:19:21,19.22,46.54,985.71,1024.46
2026-03-05 20:24:31,19.21,46.5,985.7,1024.45
2026-03-05 20:29:51,19.18,46.55,985.69,1024.44
2026-03-05 20:35:31,19.11,46.64,985.6,1024.36
2026-03-05 20:41:31,19.06,46.68,985.64,1024.41
2026-03-05 20:47:21,19.04,46.69,985.68,1024.45
2026-03-05 20:52:31,19.0,46.72,985.61,1024.39
2026-03-05 20:57:51,18.97,46.78,985.7,1024.49
2026-03-05 21:03:31,18.89,46.85,985.78,1024.58
2026-03-05 21:09:31,18.87,46.91,985.68,1024.48
2026-03-05 21:15:21,18.81,46.89,985.68,1024.49
2026-03-05 21:20:31,18.8,46.97,985.84,1024.65
2026-03-05 21:25:51,18.75,46.92,985.85,1024.67
2026-03-05 21:31:31,18.7,47.01,985.79,1024.62
2026-03-05 21:36:41,18.64,47.01,985.92,1024.76
2026-03-05 21:42:31,18.63,47.15,985.99,1024.84
2026-03-05 21:48:21,18.71,47.82,985.89,1024.72
2026-03-05 21:53:31,18.69,45.72,985.94,1024.77
2026-03-05 21:58:51,18.54,44.25,985.91,1024.76
2026-03-05 22:04:31,18.37,43.37,985.87,1024.75
2026-03-05 22:10:31,18.3,42.84,985.89,1024.78
2026-03-05 22:16:21,18.22,42.06,985.87,1024.77
2026-03-05 22:21:31,18.14,41.61,985.79,1024.7
2026-03-05 22:26:51,18.07,41.27,985.8,1024.72
2026-03-05 22:32:31,17.98,40.95,985.83,1024.76
2026-03-05 22:37:51,17.89,40.37,985.87,1024.81
2026-03-05 22:43:31,17.79,40.15,985.81,1024.76
2026-03-05 22:49:31,17.7,39.88,985.77,1024.74
2026-03-05 22:55:21,17.68,39.65,985.76,1024.73
2026-03-05 23:00:31,17.58,39.53,985.64,1024.62
2026-03-05 23:05:51,17.57,39.26,985.65,1024.63
2026-03-05 23:11:31,17.48,38.99,985.74,1024.74
2026-03-05 23:16:41,17.46,39.05,985.82,1024.83
2026-03-05 23:22:31,17.39,39.04,985.72,1024.73
2026-03-05 23:28:21,17.32,39.25,985.7,1024.72
2026-03-05 23:33:31,17.29,39.02,985.68,1024.7
2026-03-05 23:38:51,17.25,38.89,985.63,1024.66
2026-03-05 23:44:31,17.21,38.94,985.57,1024.6
2026-03-05 23:49:41,17.18,38.79,985.64,1024.68
2026-03-05 23:55:31,17.11,38.69,985.66,1024.71
2026-03-06 00:01:21,17.09,38.56,985.66,1024.71
2026-03-06 00:06:31,17.01,38.53,985.61,1024.67
2026-03-06 00:11:51,16.99,38.34,985.73,1024.8
2026-03-06 00:17:31,16.88,38.23,985.76,1024.84
2026-03-06 00:22:41,16.79,38.22,985.69,1024.78
2026-03-06 00:28:31,16.74,38.05,985.58,1024.68
2026-03-06 00:34:21,16.69,38.3,985.62,1024.72
2026-03-06 00:39:31,16.66,38.31,985.62,1024.73
2026-03-06 00:44:51,16.61,38.18,985.53,1024.65
2026-03-06 00:50:31,16.58,37.99,985.68,1024.8
2026-03-06 00:55:41,16.49,37.77,985.62,1024.75
2026-03-06 01:01:31,16.45,37.68,985.58,1024.72
2026-03-06 01:07:21,16.38,37.75,985.52,1024.67
2026-03-06 01:12:31,16.38,38.02,985.67,1024.82
2026-03-06 01:17:51,16.33,37.83,985.67,1024.83
2026-03-06 01:23:31,16.23,37.65,985.55,1024.72
2026-03-06 01:28:41,16.16,37.71,985.7,1024.88
2026-03-06 01:34:31,16.17,37.68,985.58,1024.76
2026-03-06 01:40:21,16.08,37.89,985.77,1024.97
2026-03-06 01:45:31,16.07,37.94,985.85,1025.06
2026-03-06 01:50:51,16.02,38.04,985.83,1025.04
2026-03-06 01:56:31,15.92,38.03,985.7,1024.92
2026-03-06 02:02:31,15.9,38.29,985.68,1024.9
2026-03-06 02:08:31,15.88,38.34,985.76,1024.99
2026-03-06 02:14:21,15.85,38.29,985.86,1025.1
2026-03-06 02:19:31,15.78,38.26,986.04,1025.29
2026-03-06 02:24:51,15.74,38.14,985.89,1025.14
2026-03-06 02:30:17,15.68,38.12,985.96,1025.23
2026-03-06 02:35:31,15.62,38.09,986.11,1025.39
2026-03-06 02:41:31,15.6,38.01,986.0,1025.28
2026-03-06 02:47:21,15.56,38.7,986.01,1025.3
2026-03-06 02:52:31,15.55,38.59,986.05,1025.34
2026-03-06 02:57:51,15.49,38.48,986.03,1025.32
2026-03-06 03:03:31,15.45,38.44,985.97,1025.27
2026-03-06 03:08:41,15.42,38.56,985.96,1025.27
2026-03-06 03:14:31,15.34,38.41,985.95,1025.26
2026-03-06 03:20:21,15.32,38.27,985.92,1025.24
2026-03-06 03:25:31,15.29,38.22,986.09,1025.41
2026-03-06 03:30:51,15.23,38.15,985.99,1025.31
2026-03-06 03:35:55,15.21,38.05,985.99,1025.33
2026-03-06 03:41:21,15.17,37.98,985.95,1025.29
2026-03-06 03:46:31,15.1,37.8,986.09,1025.44
2026-03-06 03:52:11,15.08,37.81,986.01,1025.36
2026-03-06 03:57:31,15.02,37.81,985.95,1025.31
2026-03-06 04:02:41,14.98,37.79,985.84,1025.2
2026-03-06 04:08:31,14.92,37.75,985.89,1025.26
2026-03-06 04:14:21,14.88,37.78,985.77,1025.14
2026-03-06 04:19:31,14.83,37.78,985.8,1025.19
2026-03-06 04:25:11,14.79,37.65,985.71,1025.09
2026-03-06 04:30:31,14.76,37.53,985.74,1025.13
2026-03-06 04:35:41,14.74,37.55,985.74,1025.13
2026-03-06 04:41:31,14.68,37.47,985.67,1025.07
2026-03-06 04:47:21,14.67,37.38,985.6,1025.0
2026-03-06 04:52:31,14.61,37.43,985.51,1024.91
2026-03-06 04:57:51,14.58,37.48,985.53,1024.94
2026-03-06 05:03:31,14.53,37.44,985.61,1025.03
2026-03-06 05:09:31,14.49,37.31,985.58,1025.0
2026-03-06 05:15:21,14.46,37.26,985.66,1025.09
2026-03-06 05:20:31,14.43,37.22,985.62,1025.05
2026-03-06 05:26:21,14.44,37.32,985.65,1025.08
2026-03-06 05:31:31,14.4,37.33,985.65,1025.1
2026-03-06 05:36:51,14.35,37.34,985.86,1025.31
2026-03-06 05:42:31,14.29,37.38,985.68,1025.14
2026-03-06 05:48:31,14.25,37.42,985.69,1025.15
2026-03-06 05:54:21,14.26,37.92,985.77,1025.24
2026-03-06 05:59:31,14.24,37.98,985.65,1025.11
2026-03-06 06:05:11,14.18,37.99,985.67,1025.14
2026-03-06 06:10:31,14.15,37.92,985.79,1025.27
2026-03-06 06:15:41,14.15,37.58,985.86,1025.34
2026-03-06 06:21:31,14.16,38.98,985.78,1025.26
2026-03-06 06:27:21,14.23,40.12,985.86,1025.33
2026-03-06 06:32:31,14.48,42.23,985.88,1025.32
2026-03-06 06:37:51,14.53,44.88,985.74,1025.17
2026-03-06 06:43:31,14.56,44.53,985.79,1025.21
2026-03-06 06:49:30,14.62,44.13,985.9,1025.32
2026-03-06 06:54:31,14.61,43.93,986.08,1025.5
2026-03-06 06:59:51,14.72,43.96,986.0,1025.41
2026-03-06 07:05:31,14.38,39.88,986.02,1025.48
2026-03-06 07:11:31,13.93,37.01,986.01,1025.53
2026-03-06 07:16:41,14.16,37.75,986.0,1025.49
2026-03-06 07:22:31,14.25,38.37,985.99,1025.47
2026-03-06 07:28:31,14.24,38.97,986.05,1025.53
2026-03-06 07:33:41,14.26,39.35,986.01,1025.49
2026-03-06 07:39:31,14.26,39.78,986.07,1025.55
2026-03-06 07:45:21,14.51,42.34,986.09,1025.53
2026-03-06 07:50:31,14.7,43.59,986.1,1025.51
2026-03-06 07:55:51,14.89,44.12,986.04,1025.43
2026-03-06 08:01:31,15.2,43.57,986.12,1025.46
2026-03-06 08:07:31,15.4,43.84,986.17,1025.49
2026-03-06 08:13:21,15.65,43.77,986.2,1025.48
2026-03-06 08:18:31,16.06,44.32,986.2,1025.42
2026-03-06 08:23:51,16.24,47.34,986.23,1025.43
2026-03-06 08:29:31,16.49,46.76,986.13,1025.29
2026-03-06 08:35:31,16.78,45.97,986.28,1025.4
2026-03-06 08:41:21,16.98,45.3,986.18,1025.27
2026-03-06 08:46:31,17.14,44.42,986.32,1025.39
2026-03-06 08:51:51,17.35,44.21,986.31,1025.35
2026-03-06 08:57:31,17.51,43.7,986.16,1025.18
2026-03-06 09:03:31,17.68,43.67,986.24,1025.23
2026-03-06 09:09:31,17.82,42.87,986.17,1025.14
2026-03-06 09:14:51,17.96,42.84,986.4,1025.36
2026-03-06 09:20:31,17.99,42.18,986.39,1025.35
2026-03-06 09:26:31,18.18,42.28,986.34,1025.26
2026-03-06 09:32:21,18.42,43.56,986.35,1025.24
2026-03-06 09:37:31,18.57,42.94,986.5,1025.38
2026-03-06 09:42:51,18.7,42.29,986.46,1025.32
2026-03-06 09:48:31,18.79,44.11,986.48,1025.33
2026-03-06 09:54:31,18.71,41.69,986.51,1025.36
2026-03-06 10:00:21,18.61,41.72,986.43,1025.29
2026-03-06 10:05:31,18.56,41.64,986.46,1025.34
2026-03-06 10:11:11,18.53,41.54,986.48,1025.36
2026-03-06 10:16:31,18.49,41.46,986.57,1025.46
2026-03-06 10:22:01,18.49,41.29,986.41,1025.29
2026-03-06 10:27:31,18.5,41.29,986.53,1025.42
2026-03-06 10:33:31,18.56,41.18,986.63,1025.52
2026-03-06 10:39:11,18.61,41.24,986.62,1025.49
2026-03-06 10:44:31,18.71,41.18,986.58,1025.44
2026-03-06 10:49:41,18.79,41.19,986.56,1025.41
2026-03-06 10:55:01,18.9,41.3,986.71,1025.55
2026-03-06 11:00:31,19.0,41.42,986.61,1025.43
2026-03-06 11:06:31,18.98,42.09,986.64,1025.46
2026-03-06 11:12:31,19.33,42.18,986.69,1025.47
2026-03-06 11:18:21,19.59,42.25,986.57,1025.3
2026-03-06 11:23:31,19.85,42.34,986.7,1025.41
2026-03-06 11:29:11,20.02,42.08,986.63,1025.31
2026-03-06 11:34:31,20.18,41.89,986.57,1025.22
2026-03-06 11:39:41,20.39,42.36,986.65,1025.28
2026-03-06 11:45:31,20.54,42.33,986.52,1025.12
2026-03-06 11:51:21,20.76,42.3,986.5,1025.07
2026-03-06 11:56:31,20.91,41.94,986.51,1025.06
2026-03-06 12:02:11,20.98,41.39,986.45,1024.98
2026-03-06 12:07:31,21.0,41.26,986.39,1024.92
2026-03-06 12:12:41,21.08,41.02,986.42,1024.94
2026-03-06 12:18:31,21.14,41.3,986.21,1024.71
2026-03-06 12:24:21,21.2,42.1,986.2,1024.7
2026-03-06 12:29:31,21.25,42.21,986.21,1024.7
2026-03-06 12:34:51,21.31,42.39,986.25,1024.73
2026-03-06 12:40:31,21.33,42.26,986.03,1024.5
2026-03-06 12:46:31,21.36,42.24,986.02,1024.49
2026-03-06 12:52:31,21.38,42.21,985.91,1024.37
2026-03-06 12:58:21,21.42,42.14,985.88,1024.33
2026-03-06 13:03:31,21.47,42.16,985.89,1024.34
2026-03-06 13:08:51,21.48,42.08,985.79,1024.23
2026-03-06 13:14:31,21.61,43.13,985.57,1023.98
2026-03-06 13:19:41,21.75,42.95,985.72,1024.12
2026-03-06 13:25:31,21.9,42.37,985.77,1024.15
2026-03-06 13:31:21,22.03,42.43,985.6,1023.96
2026-03-06 13:36:31,22.16,41.91,985.53,1023.87
2026-03-06 13:41:51,22.23,41.93,985.57,1023.9
2026-03-06 13:47:24,22.32,41.1,985.63,1023.95
2026-03-06 13:52:31,22.4,41.22,985.49,1023.79
2026-03-06 13:58:31,22.48,40.75,985.42,1023.7
2026-03-06 14:04:21,22.57,40.76,985.26,1023.53
2026-03-06 14:09:31,22.64,39.93,985.44,1023.71
2026-03-06 14:14:51,22.73,40.68,985.32,1023.57
2026-03-06 14:20:31,22.72,40.43,985.31,1023.55
2026-03-06 14:25:41,22.7,40.32,985.38,1023.63
2026-03-06 14:31:31,22.69,40.37,985.45,1023.71
2026-03-06 14:37:21,22.64,35.4,985.28,1023.53
2026-03-06 14:42:31,22.44,33.09,985.25,1023.53
2026-03-06 14:47:51,22.16,31.47,985.22,1023.54
2026-03-06 14:53:21,22.31,32.67,985.24,1023.54
2026-03-06 14:58:31,22.25,32.99,985.08,1023.38
2026-03-06 15:04:11,22.32,32.15,985.2,1023.49
2026-03-06 15:09:31,22.36,32.12,985.22,1023.51
2026-03-06 15:14:41,22.44,32.31,985.12,1023.4
2026-03-06 15:20:31,22.24,31.49,984.98,1023.28
2026-03-06 15:26:21,22.09,32.31,984.99,1023.31
2026-03-06 15:31:31,22.01,32.26,985.09,1023.42
2026-03-06 15:36:51,21.66,31.01,985.05,1023.43
2026-03-06 15:42:31,21.49,31.7,984.89,1023.29
2026-03-06 15:48:31,21.39,32.5,984.95,1023.36
2026-03-06 15:54:21,21.24,32.54,984.9,1023.33
2026-03-06 15:59:31,21.09,32.41,985.09,1023.55
2026-03-06 16:04:51,20.73,32.76,984.96,1023.46
2026-03-06 16:10:31,20.64,32.66,984.95,1023.47
2026-03-06 16:16:31,20.51,33.15,984.93,1023.46
2026-03-06 16:22:21,20.35,32.99,985.01,1023.57
2026-03-06 16:27:31,20.27,32.93,984.95,1023.52
2026-03-06 16:32:51,20.07,32.88,985.02,1023.62
2026-03-06 16:38:31,20.22,33.23,984.97,1023.55
2026-03-06 16:44:31,20.52,34.06,984.87,1023.4
2026-03-06 16:50:21,20.73,34.88,985.08,1023.59
2026-03-06 16:55:31,20.84,35.44,984.99,1023.48
2026-03-06 17:00:51,20.95,36.14,984.95,1023.43
2026-03-06 17:06:31,21.1,36.47,985.0,1023.46
2026-03-06 17:12:31,21.24,36.91,985.18,1023.63
2026-03-06 17:18:21,21.36,36.7,985.07,1023.49
2026-03-06 17:23:31,21.45,37.24,985.17,1023.59
2026-03-06 17:28:51,21.44,36.77,985.24,1023.66
2026-03-06 17:34:31,21.43,37.6,985.29,1023.72
2026-03-06 17:40:31,21.39,37.86,985.36,1023.8
2026-03-06 17:45:51,21.32,39.14,985.36,1023.81
2026-03-06 17:51:31,21.23,40.18,985.45,1023.91
2026-03-06 17:57:31,21.19,39.04,985.48,1023.95
2026-03-06 18:03:21,21.07,38.96,985.49,1023.97
2026-03-06 18:08:31,20.99,39.14,985.57,1024.07
2026-03-06 18:13:51,20.92,39.21,985.58,1024.09
2026-03-06 18:19:31,20.85,39.29,985.67,1024.19
2026-03-06 18:24:41,20.79,39.24,985.72,1024.25
2026-03-06 18:30:31,20.73,39.27,985.79,1024.34
2026-03-06 18:36:21,20.64,39.52,985.74,1024.29
2026-03-06 18:41:31,20.58,39.55,985.6,1024.16
2026-03-06 18:46:51,20.52,39.79,985.73,1024.3
2026-03-06 18:52:31,20.46,39.99,985.81,1024.39
2026-03-06 18:58:31,20.38,40.15,985.81,1024.4
2026-03-06 19:04:21,20.3,40.33,985.92,1024.53
2026-03-06 19:09:31,20.22,40.43,985.86,1024.48
2026-03-06 19:14:51,20.17,40.57,985.96,1024.59
2026-03-06 19:20:31,20.1,40.77,985.96,1024.6
2026-03-06 19:26:31,20.01,40.86,986.0,1024.65
2026-03-06 19:32:21,19.96,40.94,986.1,1024.77
2026-03-06 19:37:31,19.89,41.07,986.1,1024.77
2026-03-06 19:42:51,19.84,41.12,986.11,1024.79
2026-03-06 19:48:31,19.79,41.25,986.07,1024.76
2026-03-06 19:53:51,19.74,41.32,986.05,1024.74
2026-03-06 19:59:31,19.68,41.41,985.99,1024.69
2026-03-06 20:04:41,19.65,41.43,986.06,1024.77
2026-03-06 20:10:31,19.6,41.55,986.11,1024.82
2026-03-06 20:16:02,19.56,41.59,986.05,1024.77
2026-03-06 20:21:31,19.51,41.72,986.09,1024.82
2026-03-06 20:27:31,19.45,41.79,986.2,1024.94
2026-03-06 20:33:06,19.4,41.88,986.22,1024.97
2026-03-06 20:38:11,19.4,41.91,986.19,1024.94
2026-03-06 20:43:31,19.33,42.04,986.23,1024.99
2026-03-06 20:48:41,19.3,42.0,986.13,1024.89
2026-03-06 20:54:31,19.25,42.14,986.28,1025.05
2026-03-06 21:00:21,19.22,42.22,986.35,1025.13
2026-03-06 21:05:31,19.18,42.22,986.38,1025.16
2026-03-06 21:10:41,19.14,42.27,986.37,1025.16
2026-03-06 21:16:31,19.12,42.36,986.53,1025.33
2026-03-06 21:22:21,19.06,42.48,986.45,1025.25
2026-03-06 21:27:31,19.02,42.47,986.46,1025.27
2026-03-06 21:32:51,18.98,42.59,986.33,1025.14
2026-03-06 21:38:31,18.96,42.66,986.39,1025.21
2026-03-06 21:43:41,18.94,42.67,986.5,1025.33
2026-03-06 21:49:31,18.88,42.7,986.41,1025.24
2026-03-06 21:55:21,18.85,42.79,986.43,1025.26
2026-03-06 22:00:31,18.85,42.77,986.47,1025.31
2026-03-06 22:05:51,18.79,42.82,986.47,1025.31
2026-03-06 22:11:31,18.75,42.91,986.37,1025.22
2026-03-06 22:17:31,18.72,42.88,986.45,1025.3
2026-03-06 22:23:21,18.69,42.99,986.48,1025.34
2026-03-06 22:28:31,18.66,42.93,986.53,1025.39
2026-03-06 22:33:51,18.63,43.24,986.65,1025.52
2026-03-06 22:39:31,18.64,43.11,986.59,1025.46
2026-03-06 22:45:31,18.26,38.18,986.64,1025.57
2026-03-06 22:50:41,18.16,37.85,986.72,1025.66
2026-03-06 22:56:31,17.86,37.35,986.68,1025.67
2026-03-06 23:02:21,17.62,36.7,986.66,1025.68
2026-03-06 23:07:31,17.44,36.67,986.69,1025.73
2026-03-06 23:12:51,17.31,36.02,986.76,1025.83
2026-03-06 23:18:31,17.14,35.87,986.68,1025.77
2026-03-06 23:24:31,17.03,35.54,986.71,1025.81
2026-03-06 23:30:31,16.89,35.73,986.82,1025.94
2026-03-06 23:36:31,16.79,35.76,986.79,1025.93
2026-03-06 23:42:21,16.73,35.76,986.71,1025.86
2026-03-06 23:47:31,16.64,35.84,986.66,1025.82
2026-03-06 23:52:51,16.64,36.17,986.74,1025.9
2026-03-06 23:58:31,16.58,36.0,986.76,1025.93
2026-03-07 00:03:41,16.53,36.04,986.59,1025.76
2026-03-07 00:09:31,16.43,35.97,986.7,1025.89
2026-03-07 00:15:21,16.41,36.3,986.6,1025.79
2026-03-07 00:20:31,16.34,36.44,986.7,1025.9
2026-03-07 00:25:51,16.26,36.68,986.62,1025.83
2026-03-07 00:31:31,16.24,36.96,986.55,1025.76
2026-03-07 00:36:41,16.16,37.09,986.63,1025.85
2026-03-07 00:42:31,16.14,37.14,986.63,1025.86
2026-03-07 00:48:21,16.08,37.39,986.78,1026.02
2026-03-07 00:53:31,16.02,37.83,986.76,1026.01
2026-03-07 00:58:51,15.96,37.93,986.66,1025.91
2026-03-07 01:04:31,15.89,38.28,986.65,1025.91
2026-03-07 01:09:41,15.88,38.24,986.59,1025.85
2026-03-07 01:15:31,15.85,38.35,986.65,1025.92
2026-03-07 01:21:21,15.83,38.42,986.72,1026.0
2026-03-07 01:26:31,15.74,38.75,986.68,1025.97
2026-03-07 01:31:51,15.72,38.74,986.62,1025.91
2026-03-07 01:37:31,15.65,38.91,986.69,1025.99
2026-03-07 01:42:41,15.62,38.88,986.77,1026.08
2026-03-07 01:48:31,15.52,39.16,986.81,1026.13
2026-03-07 01:54:21,15.51,38.99,986.82,1026.15
2026-03-07 01:59:31,15.47,39.33,986.77,1026.1
2026-03-07 02:04:51,15.7,40.62,986.78,1026.08
2026-03-07 02:10:31,15.87,41.27,986.81,1026.09
2026-03-07 02:16:31,15.97,41.45,986.89,1026.15
2026-03-07 02:22:21,16.06,41.98,986.74,1025.99
2026-03-07 02:27:31,16.11,42.28,986.85,1026.09
2026-03-07 02:32:51,16.17,42.86,986.7,1025.93
2026-03-07 02:38:31,16.21,43.13,986.61,1025.83
2026-03-07 02:44:31,16.26,43.59,986.52,1025.73
2026-03-07 02:50:21,16.28,43.99,986.57,1025.78
2026-03-07 02:55:31,16.31,44.51,986.53,1025.73
2026-03-07 03:00:51,16.31,44.67,986.52,1025.72
2026-03-07 03:06:31,16.34,44.94,986.36,1025.55
2026-03-07 03:12:31,16.35,45.04,986.34,1025.53
2026-03-07 03:18:21,16.35,45.35,986.35,1025.54
2026-03-07 03:23:31,16.37,45.68,986.26,1025.44
2026-03-07 03:28:51,16.39,45.98,986.23,1025.41
2026-03-07 03:34:31,16.43,48.02,986.3,1025.48
2026-03-07 03:40:31,16.44,48.26,986.28,1025.46
2026-03-07 03:46:21,16.46,47.63,986.3,1025.47
2026-03-07 03:51:31,16.46,48.28,986.39,1025.57
2026-03-07 03:56:51,16.49,48.27,986.44,1025.61
2026-03-07 04:02:31,16.48,48.35,986.38,1025.55
2026-03-07 04:08:31,16.51,48.58,986.43,1025.6
2026-03-07 04:14:21,16.49,48.67,986.4,1025.57
2026-03-07 04:19:31,16.5,48.92,986.44,1025.61
2026-03-07 04:24:51,16.3,43.83,986.37,1025.57
2026-03-07 04:30:31,16.02,42.24,986.43,1025.67
2026-03-07 04:35:41,15.9,41.91,986.49,1025.75
2026-03-07 04:41:31,15.75,41.48,986.48,1025.76
2026-03-07 04:47:21,15.6,41.02,986.56,1025.86
2026-03-07 04:52:31,15.45,40.9,986.6,1025.93
2026-03-07 04:57:51,15.3,40.69,986.61,1025.96
2026-03-07 05:03:31,15.11,39.89,986.62,1026.0
2026-03-07 05:09:31,14.96,39.97,986.61,1026.0
2026-03-07 05:15:31,14.91,38.89,986.78,1026.14
2026-03-07 05:21:21,14.68,39.02,986.77,1026.22
2026-03-07 05:26:31,14.49,39.11,986.77,1026.25
2026-03-07 05:31:51,14.35,39.56,986.82,1026.31
2026-03-07 05:37:31,14.22,39.86,986.71,1026.21
2026-03-07 05:42:41,14.15,40.05,986.69,1026.21
2026-03-07 05:48:31,14.03,40.21,986.51,1026.04
2026-03-07 05:54:21,13.97,40.12,986.82,1026.37
2026-03-07 05:59:31,13.91,40.87,986.54,1026.09
2026-03-07 06:04:51,13.95,41.48,986.88,1026.43
2026-03-07 06:10:31,13.9,41.88,986.73,1026.29
2026-03-07 06:15:41,13.77,41.14,986.75,1026.32
2026-03-07 06:21:31,13.69,40.64,986.73,1026.32
2026-03-07 06:27:11,13.59,40.54,987.09,1026.71
2026-03-07 06:32:31,13.46,40.63,986.82,1026.44
2026-03-07 06:37:51,13.39,40.78,987.13,1026.78
2026-03-07 06:43:31,13.23,40.86,987.04,1026.7
2026-03-07 06:48:41,13.18,41.28,987.11,1026.79
2026-03-07 06:54:31,13.02,41.79,987.03,1026.72
2026-03-07 07:00:21,13.0,41.99,987.0,1026.7
2026-03-07 07:05:31,12.87,42.37,986.95,1026.67
2026-03-07 07:10:51,12.88,42.36,987.13,1026.85
2026-03-07 07:16:31,12.88,42.42,987.2,1026.93
2026-03-07 07:22:31,12.8,42.71,987.0,1026.73
2026-03-07 07:28:21,12.71,42.8,987.25,1026.99
2026-03-07 07:33:31,12.71,42.71,987.06,1026.8
2026-03-07 07:38:48,12.61,43.31,987.01,1026.77
2026-03-07 07:44:31,12.56,43.72,987.17,1026.94
2026-03-07 07:50:21,12.56,43.83,987.18,1026.96
2026-03-07 07:55:31,12.53,44.3,987.09,1026.86
2026-03-07 08:00:51,12.6,44.61,987.17,1026.94
2026-03-07 08:06:31,12.51,45.41,987.25,1027.03
2026-03-07 08:12:31,12.49,45.79,987.36,1027.15
2026-03-07 08:18:31,12.87,44.74,987.32,1027.06
2026-03-07 08:24:31,12.96,44.6,987.53,1027.25
2026-03-07 08:30:21,13.08,44.17,987.22,1026.93
2026-03-07 08:35:31,13.15,44.18,987.35,1027.04
2026-03-07 08:40:51,13.21,44.03,987.35,1027.04
2026-03-07 08:46:31,13.32,45.07,987.17,1026.83
2026-03-07 08:51:41,13.38,44.29,987.32,1026.98
2026-03-07 08:57:31,13.46,44.31,987.4,1027.05
2026-03-07 09:03:21,13.49,44.1,987.43,1027.08
2026-03-07 09:08:31,13.55,45.76,987.26,1026.9
2026-03-07 09:13:51,13.64,45.89,987.34,1026.96
2026-03-07 09:19:31,13.67,45.53,987.36,1026.98
2026-03-07 09:25:31,13.74,45.31,987.31,1026.92
2026-03-07 09:31:21,13.78,45.12,987.26,1026.86
2026-03-07 09:36:31,13.83,44.98,987.25,1026.84
2026-03-07 09:41:41,13.86,44.87,987.15,1026.73
2026-03-07 09:47:31,13.92,44.73,987.19,1026.76
2026-03-07 09:53:21,13.96,44.62,987.17,1026.74
2026-03-07 09:58:31,13.99,44.54,987.02,1026.58
2026-03-07 10:03:51,14.05,44.32,987.16,1026.72
2026-03-07 10:09:31,14.08,44.37,987.14,1026.69
2026-03-07 10:14:41,14.15,44.68,987.02,1026.56
2026-03-07 10:20:31,14.18,44.59,987.05,1026.59
2026-03-07 10:26:21,14.23,44.36,987.13,1026.66
2026-03-07 10:31:31,14.25,44.35,987.16,1026.69
2026-03-07 10:36:51,14.3,44.45,986.89,1026.4
2026-03-07 10:42:16,14.35,44.1,987.15,1026.66
2026-03-07 10:47:31,14.38,44.03,987.24,1026.75
2026-03-07 10:53:31,14.42,44.01,987.2,1026.71
2026-03-07 10:59:21,14.44,44.09,987.21,1026.71
2026-03-07 11:04:31,14.49,43.93,987.29,1026.79
2026-03-07 11:09:51,14.51,43.89,987.17,1026.66
2026-03-07 11:15:31,14.55,43.88,987.31,1026.8
2026-03-07 11:21:31,14.62,43.89,987.23,1026.7
2026-03-07 11:27:31,14.66,43.65,987.41,1026.88
2026-03-07 11:33:31,14.73,43.53,987.23,1026.69
2026-03-07 11:39:21,14.77,43.35,987.24,1026.7
2026-03-07 11:44:31,14.79,43.31,987.1,1026.55
2026-03-07 11:49:51,15.1,48.25,987.33,1026.74
2026-03-07 11:55:31,15.15,44.96,987.15,1026.55
2026-03-07 12:00:41,15.15,44.24,987.07,1026.46
2026-03-07 12:06:31,15.24,43.29,987.2,1026.58
2026-03-07 12:12:21,15.26,43.63,987.03,1026.4
2026-03-07 12:17:31,15.54,47.14,987.14,1026.48
2026-03-07 12:22:51,15.61,45.34,987.03,1026.35
2026-03-07 12:28:31,15.8,46.72,987.04,1026.33
2026-03-07 12:34:31,15.87,45.94,987.1,1026.38
2026-03-07 12:40:31,15.9,45.37,986.84,1026.11
2026-03-07 12:46:21,15.93,45.0,987.06,1026.34
2026-03-07 12:51:31,15.97,44.86,986.99,1026.26
2026-03-07 12:56:51,15.98,44.76,986.94,1026.21
2026-03-07 13:02:31,16.02,44.62,986.97,1026.23
2026-03-07 13:07:41,16.01,44.52,986.87,1026.13
2026-03-07 13:13:31,16.05,44.47,986.94,1026.19
2026-03-07 13:19:21,16.1,44.38,987.02,1026.27
2026-03-07 13:24:31,16.13,44.34,986.76,1026.0
2026-03-07 13:29:51,16.14,44.28,986.73,1025.96
2026-03-07 13:35:31,16.17,44.25,986.76,1025.99
2026-03-07 13:40:41,16.21,44.25,986.89,1026.12
2026-03-07 13:46:31,16.27,44.33,986.74,1025.96
2026-03-07 13:52:21,16.31,44.3,986.67,1025.87
2026-03-07 13:57:31,16.41,45.0,986.64,1025.83
2026-03-07 14:02:51,16.82,48.32,986.62,1025.75
2026-03-07 14:08:31,17.1,47.96,986.87,1025.96
2026-03-07 14:14:31,17.32,46.48,986.7,1025.76
2026-03-07 14:20:21,17.53,45.91,986.57,1025.6
2026-03-07 14:25:31,17.61,45.65,986.61,1025.63
2026-03-07 14:30:41,17.73,45.36,986.52,1025.51
2026-03-07 14:36:31,17.85,45.09,986.57,1025.55
2026-03-07 14:42:21,17.95,44.92,986.58,1025.55
2026-03-07 14:47:31,18.04,44.72,986.52,1025.47
2026-03-07 14:52:51,18.07,44.59,986.36,1025.3
2026-03-07 14:58:31,18.19,44.76,986.34,1025.27
2026-03-07 15:03:41,18.24,42.31,986.52,1025.44
2026-03-07 15:09:31,18.27,38.58,986.42,1025.34
2026-03-07 15:15:21,18.27,39.24,986.38,1025.29
2026-03-07 15:20:31,18.32,38.56,986.32,1025.22
2026-03-07 15:25:51,18.36,38.0,986.29,1025.19
2026-03-07 15:31:31,18.41,38.27,986.31,1025.2
2026-03-07 15:37:31,18.44,36.26,986.29,1025.17
2026-03-07 15:43:21,18.32,35.76,986.36,1025.26
2026-03-07 15:48:31,18.26,36.57,986.22,1025.13
2026-03-07 15:53:51,18.18,35.55,986.18,1025.09
2026-03-07 15:59:31,18.05,34.26,986.15,1025.09
2026-03-07 16:04:41,17.94,33.7,986.16,1025.11
2026-03-07 16:10:31,17.82,33.81,986.19,1025.16
2026-03-07 16:16:21,17.73,33.39,986.25,1025.24
2026-03-07 16:21:31,17.59,32.88,986.24,1025.24
2026-03-07 16:27:31,17.55,34.5,986.34,1025.35
2026-03-07 16:33:21,17.57,36.35,986.27,1025.28
2026-03-07 16:38:31,17.57,37.29,986.28,1025.3
2026-03-07 16:43:51,17.55,38.27,986.26,1025.27
2026-03-07 16:49:31,17.53,38.63,986.33,1025.34
2026-03-07 16:54:41,17.53,38.95,986.35,1025.37
2026-03-07 17:00:31,17.53,39.2,986.32,1025.34
2026-03-07 17:06:21,17.54,41.18,986.34,1025.36
2026-03-07 17:11:31,17.58,41.57,986.55,1025.57
2026-03-07 17:16:51,17.63,40.72,986.43,1025.44
2026-03-07 17:22:31,17.66,40.62,986.51,1025.52
2026-03-07 17:28:31,17.65,40.61,986.47,1025.48
2026-03-07 17:34:31,17.6,40.63,986.31,1025.32
2026-03-07 17:40:31,17.57,40.7,986.53,1025.55
2026-03-07 17:46:21,17.55,41.4,986.56,1025.58
2026-03-07 17:51:31,17.52,41.06,986.54,1025.57
2026-03-07 17:56:51,17.49,41.28,986.42,1025.45
2026-03-07 18:02:31,17.43,41.37,986.3,1025.33
2026-03-07 18:07:41,17.4,41.53,986.66,1025.71
2026-03-07 18:13:31,17.35,41.65,986.56,1025.61
2026-03-07 18:19:21,17.32,41.76,986.7,1025.76
2026-03-07 18:24:31,17.27,41.85,986.53,1025.6
2026-03-07 18:29:51,17.23,41.92,986.56,1025.63
2026-03-07 18:35:31,17.18,42.07,986.59,1025.67
2026-03-07 18:40:41,17.14,42.26,986.88,1025.97
2026-03-07 18:46:31,17.14,43.06,986.88,1025.98
2026-03-07 18:52:21,17.18,44.02,986.88,1025.97
2026-03-07 18:57:31,17.25,43.96,986.84,1025.92
2026-03-07 19:02:51,17.3,43.9,986.79,1025.86
2026-03-07 19:08:31,17.34,44.01,986.74,1025.8
2026-03-07 19:14:31,17.32,44.23,986.74,1025.81
2026-03-07 19:20:31,17.32,44.39,986.93,1026.0
2026-03-07 19:26:21,17.33,44.59,986.96,1026.04
2026-03-07 19:31:31,17.32,44.73,986.83,1025.91
2026-03-07 19:36:51,17.3,44.93,986.97,1026.05
2026-03-07 19:42:31,17.28,45.02,986.9,1025.98
2026-03-07 19:48:31,17.42,46.25,986.99,1026.05
2026-03-07 19:54:21,17.49,46.04,987.11,1026.17
2026-03-07 19:59:31,17.56,45.38,987.08,1026.13
2026-03-07 20:04:51,17.58,45.64,987.11,1026.16
2026-03-07 20:10:31,17.56,45.61,987.2,1026.25
2026-03-07 20:16:31,17.54,45.52,987.23,1026.29
2026-03-07 20:22:21,17.53,46.7,987.26,1026.31
2026-03-07 20:27:31,17.54,46.5,987.34,1026.39
2026-03-07 20:32:51,17.5,45.55,987.51,1026.58
2026-03-07 20:38:31,17.49,43.33,987.36,1026.43
2026-03-07 20:43:41,17.38,42.95,987.32,1026.4
2026-03-07 20:49:31,17.31,42.55,987.38,1026.47
2026-03-07 20:55:21,17.22,42.55,987.3,1026.41
2026-03-07 21:00:31,17.19,42.34,987.37,1026.48
2026-03-07 21:05:51,17.13,42.15,987.51,1026.63
2026-03-07 21:11:31,17.1,42.18,987.45,1026.57
2026-03-07 21:17:31,17.05,42.11,987.44,1026.57
2026-03-07 21:23:31,17.03,42.04,987.61,1026.75
2026-03-07 21:29:21,17.0,41.99,987.51,1026.65
2026-03-07 21:34:31,16.92,41.85,987.67,1026.83
2026-03-07 21:39:51,16.94,41.85,987.5,1026.65
2026-03-07 21:45:31,16.93,41.92,987.53,1026.69
2026-03-07 21:51:31,16.88,41.87,987.37,1026.53
2026-03-07 21:57:21,16.88,41.78,987.42,1026.58
2026-03-07 22:02:31,16.81,41.81,987.49,1026.66
2026-03-07 22:07:51,16.77,41.83,987.52,1026.69
2026-03-07 22:13:31,16.77,41.78,987.43,1026.6
2026-03-07 22:19:31,16.74,42.03,987.53,1026.71
2026-03-07 22:25:21,16.75,41.87,987.58,1026.76
2026-03-07 22:30:31,16.72,41.93,987.58,1026.76
2026-03-07 22:35:51,16.71,42.07,987.71,1026.9
2026-03-07 22:41:31,16.69,42.21,987.64,1026.83
2026-03-07 22:47:31,16.65,43.18,987.63,1026.83
2026-03-07 22:53:21,16.65,42.43,987.46,1026.65
2026-03-07 22:58:31,16.64,42.17,987.61,1026.81
2026-03-07 23:03:51,16.65,42.1,987.57,1026.77
2026-03-07 23:09:31,16.63,42.39,987.74,1026.94
2026-03-07 23:15:31,16.62,42.33,987.73,1026.93
2026-03-07 23:21:21,16.61,42.21,987.78,1026.99
2026-03-07 23:26:31,16.59,42.16,987.62,1026.83
2026-03-07 23:31:51,16.57,42.08,987.93,1027.15
2026-03-07 23:37:31,16.56,41.9,987.76,1026.98
2026-03-07 23:43:16,16.54,41.9,987.85,1027.08
2026-03-07 23:48:31,16.51,41.85,987.77,1026.99
2026-03-07 23:54:01,16.54,41.69,987.86,1027.09
2026-03-07 23:59:31,16.48,41.82,988.03,1027.26
2026-03-08 00:05:31,16.47,41.99,987.8,1027.03
2026-03-08 00:11:31,16.46,42.06,988.04,1027.28
2026-03-08 00:17:21,16.45,41.97,987.84,1027.08
2026-03-08 00:22:31,16.43,42.03,987.89,1027.13
2026-03-08 00:27:51,16.4,41.94,987.86,1027.11
2026-03-08 00:33:31,16.35,42.11,987.89,1027.14
2026-03-08 00:39:31,16.33,42.03,987.74,1026.99
2026-03-08 00:45:21,16.3,42.06,987.95,1027.21
2026-03-08 00:50:31,16.27,42.02,987.76,1027.02
2026-03-08 00:56:11,16.25,41.95,987.83,1027.1
2026-03-08 01:01:31,16.29,42.13,987.81,1027.06
2026-03-08 01:06:41,16.31,42.03,987.85,1027.1
2026-03-08 01:12:31,16.31,41.96,987.82,1027.08
2026-03-08 01:18:21,16.27,41.99,987.87,1027.14
2026-03-08 01:23:31,16.23,41.81,987.9,1027.17
2026-03-08 01:29:11,16.23,41.74,987.98,1027.25
2026-03-08 01:34:31,16.19,41.83,987.86,1027.13
2026-03-08 01:39:41,16.2,41.8,987.78,1027.05
2026-03-08 01:45:31,16.19,42.0,987.83,1027.1
2026-03-08 01:51:21,16.17,42.08,987.8,1027.08
2026-03-08 01:56:31,16.17,42.12,987.78,1027.06
2026-03-08 02:02:01,16.17,42.12,987.78,1027.05
2026-03-08 02:07:31,16.13,42.1,987.76,1027.04
2026-03-08 02:13:31,16.12,42.21,987.87,1027.15
2026-03-08 02:19:17,16.08,42.16,987.78,1027.06
2026-03-08 02:24:31,16.07,42.2,987.65,1026.93
2026-03-08 02:30:01,16.06,42.08,987.64,1026.92
2026-03-08 02:35:31,16.03,42.0,987.66,1026.95
2026-03-08 02:40:51,16.02,42.15,987.58,1026.86
2026-03-08 02:46:31,16.02,42.16,987.48,1026.77
2026-03-08 02:52:31,15.98,42.37,987.57,1026.87
2026-03-08 02:58:21,16.0,43.35,987.51,1026.8
2026-03-08 03:03:31,16.01,42.63,987.64,1026.93
2026-03-08 03:09:11,15.93,42.5,987.57,1026.87
2026-03-08 03:14:31,15.85,42.35,987.4,1026.7
2026-03-08 03:19:41,15.85,42.42,987.58,1026.89
2026-03-08 03:25:31,15.8,42.46,987.67,1026.99
2026-03-08 03:31:21,15.81,42.41,987.71,1027.03
2026-03-08 03:36:31,15.75,42.36,987.55,1026.88
2026-03-08 03:41:51,15.73,42.3,987.63,1026.96
2026-03-08 03:47:01,15.69,42.29,987.46,1026.79
2026-03-08 03:52:31,15.67,42.29,987.72,1027.06
2026-03-08 03:58:31,15.66,42.42,987.71,1027.05
2026-03-08 04:04:31,15.63,42.27,987.78,1027.13
2026-03-08 04:10:21,15.6,42.31,987.63,1026.97
2026-03-08 04:15:31,15.55,42.32,987.63,1026.98
2026-03-08 04:20:51,15.53,42.29,987.72,1027.08
2026-03-08 04:26:31,15.49,42.27,987.54,1026.9
2026-03-08 04:32:31,15.48,42.15,987.73,1027.1
2026-03-08 04:38:21,15.44,42.18,987.77,1027.15
2026-03-08 04:43:31,15.41,42.07,987.69,1027.06
2026-03-08 04:48:41,15.36,42.02,987.74,1027.13
2026-03-08 04:54:11,15.34,41.68,987.91,1027.3
2026-03-08 04:59:31,15.22,40.88,987.73,1027.14
2026-03-08 05:04:41,15.23,41.33,987.86,1027.27
2026-03-08 05:10:31,15.21,41.43,987.89,1027.3
2026-03-08 05:16:21,15.18,41.79,988.05,1027.47
2026-03-08 05:21:31,15.18,41.73,987.9,1027.32
2026-03-08 05:27:31,15.13,41.97,988.04,1027.46
2026-03-08 05:33:21,15.14,41.94,987.94,1027.37
2026-03-08 05:38:31,15.13,41.94,987.91,1027.34
2026-03-08 05:43:51,15.12,42.01,987.86,1027.29
2026-03-08 05:49:31,15.11,41.99,987.97,1027.4
2026-03-08 05:55:31,15.1,41.93,988.07,1027.51
2026-03-08 06:01:31,15.07,41.98,988.15,1027.6
2026-03-08 06:07:31,15.03,41.6,988.07,1027.52
2026-03-08 06:13:21,15.01,41.24,988.15,1027.61
2026-03-08 06:18:31,15.01,41.01,988.2,1027.66
2026-03-08 06:23:51,15.0,40.82,988.27,1027.73
2026-03-08 06:29:31,14.95,40.67,988.13,1027.6
2026-03-08 06:34:41,14.91,40.63,988.19,1027.67
2026-03-08 06:40:31,14.89,41.04,988.27,1027.75
2026-03-08 06:46:21,14.89,40.88,988.12,1027.59
2026-03-08 06:51:31,14.84,40.95,988.27,1027.75
2026-03-08 06:56:51,14.84,41.02,988.32,1027.81
2026-03-08 07:02:31,14.82,41.1,988.31,1027.8
2026-03-08 07:08:31,14.83,40.91,988.36,1027.85
2026-03-08 07:14:21,14.79,41.04,988.37,1027.86
2026-03-08 07:19:31,14.79,40.89,988.53,1028.03
2026-03-08 07:24:51,14.76,40.93,988.43,1027.93
2026-03-08 07:30:31,14.75,40.85,988.42,1027.93
2026-03-08 07:36:31,14.74,40.91,988.42,1027.93
2026-03-08 07:41:51,14.71,40.95,988.43,1027.94
2026-03-08 07:47:31,14.73,41.27,988.68,1028.2
2026-03-08 07:53:31,14.81,42.02,988.5,1028.0
2026-03-08 07:59:21,14.8,41.84,988.78,1028.3
2026-03-08 08:04:31,14.73,41.75,988.68,1028.2
2026-03-08 08:09:51,14.75,41.71,988.69,1028.21
2026-03-08 08:15:31,14.74,41.62,988.65,1028.16
2026-03-08 08:21:31,14.73,42.04,988.67,1028.19
2026-03-08 08:27:31,14.74,42.03,988.7,1028.22
2026-03-08 08:33:21,14.72,42.06,988.78,1028.3
2026-03-08 08:38:31,14.7,42.09,988.68,1028.2
2026-03-08 08:43:51,14.78,42.36,988.88,1028.4
2026-03-08 08:49:31,15.28,52.46,988.81,1028.26
2026-03-08 08:55:31,15.91,53.03,988.72,1028.08
2026-03-08 09:01:21,16.34,52.0,988.87,1028.16
2026-03-08 09:06:31,16.6,51.42,988.68,1027.93
2026-03-08 09:11:51,16.84,50.67,988.77,1027.99
2026-03-08 09:17:31,17.08,50.11,988.73,1027.91
2026-03-08 09:23:31,17.35,49.76,988.68,1027.83
2026-03-08 09:29:11,17.53,49.49,988.72,1027.84
2026-03-08 09:34:31,17.8,48.94,988.63,1027.71
2026-03-08 09:39:41,18.11,50.52,988.77,1027.81
2026-03-08 09:45:31,18.41,49.6,988.85,1027.85
2026-03-08 09:51:21,18.67,47.88,988.72,1027.68
2026-03-08 09:56:31,18.89,47.67,988.72,1027.64
2026-03-08 10:01:51,19.07,46.85,988.83,1027.73
2026-03-08 10:07:31,19.25,46.37,988.93,1027.81
2026-03-08 10:12:41,19.46,46.36,988.7,1027.54
2026-03-08 10:18:31,19.64,45.79,988.91,1027.73
2026-03-08 10:24:21,19.84,45.68,988.88,1027.68
2026-03-08 10:29:31,19.94,44.88,988.82,1027.6
2026-03-08 10:34:51,19.99,44.44,988.7,1027.47
2026-03-08 10:40:31,20.14,44.86,988.92,1027.68
2026-03-08 10:45:41,20.26,45.36,988.92,1027.66
2026-03-08 10:51:31,20.5,47.44,989.15,1027.86
2026-03-08 10:57:21,20.67,46.47,988.8,1027.48
2026-03-08 11:02:31,20.82,48.41,988.92,1027.58
2026-03-08 11:07:51,20.97,45.76,988.91,1027.55
2026-03-08 11:13:31,21.07,45.18,988.88,1027.51
2026-03-08 11:18:41,21.2,45.32,988.89,1027.5
2026-03-08 11:24:31,21.29,44.7,988.99,1027.58
2026-03-08 11:30:21,21.39,44.53,988.72,1027.3
2026-03-08 11:35:31,21.46,44.12,988.79,1027.35
2026-03-08 11:40:51,21.55,44.16,988.88,1027.44
2026-03-08 11:46:31,21.59,43.7,988.57,1027.11
2026-03-08 11:51:41,21.64,43.42,988.58,1027.11
2026-03-08 11:57:31,21.74,43.69,988.64,1027.16
2026-03-08 12:03:21,21.85,44.74,988.55,1027.05
2026-03-08 12:08:31,21.92,43.25,988.52,1027.01
2026-03-08 12:13:51,21.93,42.78,988.43,1026.92
2026-03-08 12:19:31,21.92,42.79,988.53,1027.02
2026-03-08 12:24:41,21.96,42.59,988.45,1026.93
2026-03-08 12:30:31,21.97,42.45,988.32,1026.79
2026-03-08 12:36:21,21.82,42.42,988.37,1026.87
2026-03-08 12:41:31,21.7,42.53,988.35,1026.86
2026-03-08 12:46:51,21.59,42.55,988.27,1026.8
2026-03-08 12:52:31,21.45,42.76,988.15,1026.69
2026-03-08 12:58:31,21.36,42.9,988.18,1026.74
2026-03-08 13:04:31,21.27,43.03,988.26,1026.83
2026-03-08 13:10:21,21.18,43.13,988.01,1026.58
2026-03-08 13:15:31,21.14,43.19,988.11,1026.69
2026-03-08 13:20:51,21.07,43.2,988.09,1026.67
2026-03-08 13:26:31,21.04,43.26,988.07,1026.66
2026-03-08 13:31:41,21.0,43.28,988.05,1026.65
2026-03-08 13:37:23,20.95,43.3,988.07,1026.68
2026-03-08 13:42:31,20.91,43.28,987.82,1026.43
2026-03-08 13:48:01,20.87,43.35,987.9,1026.51
2026-03-08 13:53:31,20.98,44.01,988.02,1026.63
2026-03-08 13:59:31,21.18,44.75,987.93,1026.5
2026-03-08 14:04:41,21.35,45.18,987.84,1026.38
2026-03-08 14:10:31,21.5,44.45,987.97,1026.5
2026-03-08 14:16:21,21.65,44.38,987.78,1026.28
2026-03-08 14:21:31,21.74,44.39,987.74,1026.23
2026-03-08 14:26:51,21.84,43.72,987.98,1026.45
2026-03-08 14:32:31,21.89,43.38,987.79,1026.26
2026-03-08 14:37:41,21.98,43.31,987.79,1026.25
2026-03-08 14:43:31,22.01,43.39,987.62,1026.06
2026-03-08 14:49:21,22.13,43.08,987.66,1026.08
2026-03-08 14:54:31,22.17,42.65,987.75,1026.17
2026-03-08 14:59:51,22.25,42.41,987.85,1026.27
2026-03-08 15:05:31,22.29,42.53,987.74,1026.15
2026-03-08 15:10:41,22.35,42.25,987.72,1026.12
2026-03-08 15:16:31,22.36,41.9,987.84,1026.24
2026-03-08 15:22:21,22.39,42.28,987.69,1026.08
2026-03-08 15:27:31,22.13,38.31,987.8,1026.23
2026-03-08 15:32:51,22.23,40.43,987.63,1026.04
2026-03-08 15:38:31,22.21,40.81,987.75,1026.17
2026-03-08 15:44:31,22.17,40.94,987.62,1026.04
2026-03-08 15:50:21,22.1,41.03,987.6,1026.03
2026-03-08 15:55:31,22.02,40.88,987.49,1025.92
2026-03-08 16:00:51,21.93,41.22,987.45,1025.89
2026-03-08 16:06:31,21.82,41.21,987.28,1025.73
2026-03-08 16:12:31,21.75,41.69,987.36,1025.83
2026-03-08 16:18:21,21.64,41.83,987.41,1025.89
2026-03-08 16:23:31,21.51,41.98,987.25,1025.74
2026-03-08 16:28:51,21.42,42.1,987.23,1025.74
2026-03-08 16:34:31,21.33,42.26,987.38,1025.9
2026-03-08 16:40:31,21.27,42.47,987.25,1025.78
2026-03-08 16:46:21,21.17,42.58,987.28,1025.82
2026-03-08 16:51:31,21.1,42.67,987.07,1025.62
2026-03-08 16:57:31,21.03,42.8,987.12,1025.68
2026-03-08 17:03:31,20.95,42.86,987.15,1025.71
2026-03-08 17:09:21,20.88,42.89,987.25,1025.84
2026-03-08 17:14:31,20.8,42.93,987.24,1025.83
2026-03-08 17:19:51,20.74,42.97,987.24,1025.84
2026-03-08 17:25:31,20.68,42.98,987.17,1025.78
2026-03-08 17:30:41,20.61,42.95,987.21,1025.83
2026-03-08 17:36:31,20.56,42.9,987.31,1025.94
2026-03-08 17:42:21,20.52,42.95,987.32,1025.96
2026-03-08 17:47:31,20.47,42.89,987.47,1026.12
2026-03-08 17:52:51,20.39,43.01,987.46,1026.12
2026-03-08 17:58:31,20.34,42.99,987.35,1026.01
2026-03-08 18:03:41,20.3,43.12,987.26,1025.93
2026-03-08 18:09:31,20.24,43.12,987.43,1026.1
2026-03-08 18:15:21,20.2,43.2,987.48,1026.17
2026-03-08 18:20:31,20.16,43.31,987.75,1026.45
2026-03-08 18:25:51,20.11,43.35,987.49,1026.19
2026-03-08 18:31:31,20.06,43.4,987.55,1026.27
2026-03-08 18:37:31,20.04,45.21,987.53,1026.25
2026-03-08 18:43:21,20.19,46.48,987.72,1026.42
2026-03-08 18:48:31,20.31,47.33,987.5,1026.17
2026-03-08 18:53:51,20.45,47.22,987.58,1026.24
2026-03-08 18:59:31,20.58,46.73,987.54,1026.18
2026-03-08 19:05:31,20.7,46.39,987.55,1026.17
2026-03-08 19:10:41,20.76,45.97,987.45,1026.05
2026-03-08 19:16:31,20.87,45.24,987.36,1025.94
2026-03-08 19:22:21,20.94,45.2,987.48,1026.06
2026-03-08 19:27:31,20.98,44.82,987.48,1026.05
2026-03-08 19:32:51,21.01,44.98,987.45,1026.03
2026-03-08 19:38:31,21.07,44.24,987.42,1025.99
2026-03-08 19:43:41,21.12,44.04,987.41,1025.97
2026-03-08 19:49:31,21.16,43.49,987.35,1025.9
2026-03-08 19:55:21,21.18,43.87,987.46,1026.01
2026-03-08 20:00:31,21.24,43.02,987.46,1026.0
2026-03-08 20:05:51,21.26,43.07,987.48,1026.02
2026-03-08 20:11:31,21.2,42.85,987.52,1026.07
2026-03-08 20:17:31,20.97,43.04,987.5,1026.08
2026-03-08 20:23:31,20.8,43.4,987.36,1025.96
2026-03-08 20:29:31,20.63,43.5,987.43,1026.05
2026-03-08 20:35:21,20.53,43.61,987.32,1025.95
2026-03-08 20:40:31,20.45,43.58,987.42,1026.07
2026-03-08 20:45:51,20.36,43.64,987.31,1025.97
2026-03-08 20:51:31,20.26,43.75,987.38,1026.06
2026-03-08 20:56:41,20.18,43.86,987.31,1026.0
2026-03-08 21:02:31,20.1,43.99,987.41,1026.11
2026-03-08 21:08:21,20.0,44.01,987.46,1026.17
2026-03-08 21:13:31,19.92,44.12,987.33,1026.05
2026-03-08 21:18:51,19.87,44.18,987.4,1026.13
2026-03-08 21:24:31,19.8,44.3,987.51,1026.25
2026-03-08 21:29:41,19.74,44.3,987.47,1026.22
2026-03-08 21:35:31,19.67,44.46,987.43,1026.19
2026-03-08 21:41:21,19.61,44.85,987.5,1026.27
2026-03-08 21:46:31,19.57,44.73,987.56,1026.34
2026-03-08 21:51:51,19.54,43.49,987.53,1026.31
2026-03-08 21:57:31,19.38,42.19,987.44,1026.24
2026-03-08 22:02:41,19.3,41.36,987.34,1026.15
2026-03-08 22:08:31,19.17,40.95,987.44,1026.27
2026-03-08 22:14:21,19.05,40.63,987.24,1026.08
2026-03-08 22:19:31,18.97,40.17,987.17,1026.02
2026-03-08 22:24:51,18.88,39.52,987.22,1026.09
2026-03-08 22:30:31,18.81,39.58,987.15,1026.02
2026-03-08 22:36:31,18.73,39.38,987.07,1025.95
2026-03-08 22:42:31,18.66,39.05,987.15,1026.04
2026-03-08 22:48:21,18.6,38.95,986.95,1025.84
2026-03-08 22:53:31,18.53,38.64,986.97,1025.87
2026-03-08 22:58:51,18.49,38.56,987.23,1026.15
2026-03-08 23:04:31,18.4,38.3,987.19,1026.11
2026-03-08 23:09:41,18.31,38.08,987.06,1026.0
2026-03-08 23:15:31,18.21,37.73,986.94,1025.88
2026-03-08 23:21:21,18.18,37.61,987.15,1026.11
2026-03-08 23:26:31,18.11,37.55,987.15,1026.12
2026-03-08 23:31:51,18.06,37.59,987.14,1026.12
2026-03-08 23:37:31,17.95,37.15,987.16,1026.15
2026-03-08 23:42:41,17.93,37.32,986.98,1025.97
2026-03-08 23:48:31,17.88,37.16,987.11,1026.11
2026-03-08 23:54:21,17.81,36.89,987.11,1026.12
2026-03-08 23:59:31,17.74,36.77,986.99,1026.0
2026-03-09 00:04:51,17.71,37.13,987.01,1026.04
2026-03-09 00:10:31,17.67,37.03,987.05,1026.08
2026-03-09 00:16:31,17.62,37.12,987.11,1026.15
2026-03-09 00:22:31,17.54,37.23,987.07,1026.11
2026-03-09 00:28:31,17.47,37.43,986.92,1025.97
2026-03-09 00:34:21,17.48,37.84,986.95,1026.0
2026-03-09 00:39:31,17.42,37.66,986.99,1026.05
2026-03-09 00:44:51,17.39,37.7,987.06,1026.13
2026-03-09 00:50:31,17.33,37.46,986.78,1025.85
2026-03-09 00:55:41,17.33,37.53,986.79,1025.86
2026-03-09 01:01:31,17.27,37.55,986.85,1025.93
2026-03-09 01:07:21,17.25,38.1,986.8,1025.88
2026-03-09 01:12:31,17.2,38.03,986.85,1025.93
2026-03-09 01:17:51,17.18,37.87,986.73,1025.81
2026-03-09 01:23:31,17.13,37.84,986.76,1025.85
2026-03-09 01:29:31,17.09,37.7,986.87,1025.97
2026-03-09 01:35:31,17.05,37.76,986.79,1025.89
2026-03-09 01:41:21,17.02,37.85,986.84,1025.95
2026-03-09 01:46:31,16.98,37.84,986.73,1025.84
2026-03-09 01:51:51,16.95,37.81,986.8,1025.92
2026-03-09 01:57:31,16.93,37.8,986.68,1025.8
2026-03-09 02:02:41,16.93,37.83,986.61,1025.73
2026-03-09 02:08:31,16.87,37.96,986.6,1025.72
2026-03-09 02:14:21,16.88,38.11,986.46,1025.58
2026-03-09 02:19:24,16.8,38.07,986.45,1025.56
2026-03-09 02:24:31,16.79,38.27,986.45,1025.57
2026-03-09 02:30:31,16.77,38.36,986.33,1025.45
2026-03-09 02:35:41,16.76,38.46,986.33,1025.46
2026-03-09 02:41:31,16.72,38.47,986.28,1025.41
2026-03-09 02:47:21,16.72,38.54,986.37,1025.51
2026-03-09 02:52:31,16.67,38.57,986.28,1025.41
2026-03-09 02:57:51,16.66,38.68,986.37,1025.51
2026-03-09 03:03:31,16.65,38.67,986.22,1025.36
2026-03-09 03:08:41,16.61,38.84,986.28,1025.42
2026-03-09 03:14:31,16.58,38.88,986.29,1025.43
2026-03-09 03:20:21,16.54,39.07,986.1,1025.25
2026-03-09 03:25:31,16.53,39.16,986.02,1025.17
2026-03-09 03:30:51,16.53,39.2,986.15,1025.3
2026-03-09 03:36:31,16.49,39.41,986.18,1025.34
2026-03-09 03:42:31,16.48,39.63,985.91,1025.06
2026-03-09 03:48:21,16.48,39.72,986.05,1025.21
2026-03-09 03:53:31,16.47,39.65,986.21,1025.38
2026-03-09 03:58:51,16.45,39.67,985.99,1025.15
2026-03-09 04:04:31,16.43,39.6,986.03,1025.2
2026-03-09 04:10:31,16.38,39.63,986.04,1025.21
2026-03-09 04:15:51,16.35,39.47,986.01,1025.18
2026-03-09 04:21:31,16.34,39.59,986.04,1025.22
2026-03-09 04:27:31,16.32,39.44,985.96,1025.13
2026-03-09 04:33:21,16.35,39.42,986.0,1025.17
2026-03-09 04:38:31,16.28,39.57,985.89,1025.07
2026-03-09 04:43:51,16.28,39.57,986.0,1025.18
2026-03-09 04:49:31,16.23,39.33,986.05,1025.23
2026-03-09 04:55:31,16.21,39.11,985.94,1025.13
2026-03-09 05:01:31,16.19,39.02,985.94,1025.13
2026-03-09 05:07:21,16.18,38.95,985.92,1025.11
2026-03-09 05:12:31,16.18,38.93,985.69,1024.88
2026-03-09 05:17:51,16.12,38.79,985.88,1025.07
2026-03-09 05:23:31,16.09,38.62,985.92,1025.13
2026-03-09 05:28:41,16.12,40.09,985.84,1025.04
2026-03-09 05:34:31,16.14,40.25,985.81,1025.01
2026-03-09 05:40:21,16.14,40.47,985.82,1025.01
2026-03-09 05:45:31,16.15,40.66,985.88,1025.07
2026-03-09 05:50:51,16.16,40.79,985.84,1025.04
2026-03-09 05:56:31,16.22,41.7,985.82,1025.0
2026-03-09 06:02:31,16.26,41.99,985.86,1025.04
2026-03-09 06:08:21,16.3,41.88,985.87,1025.04
2026-03-09 06:13:31,16.34,41.64,985.82,1024.99
2026-03-09 06:18:51,16.37,41.61,985.68,1024.84
2026-03-09 06:24:31,16.36,41.62,985.81,1024.97
2026-03-09 06:30:17,16.34,41.81,985.83,1024.99
2026-03-09 06:35:31,16.29,41.9,985.91,1025.08
2026-03-09 06:41:01,16.31,42.55,985.81,1024.98
2026-03-09 06:46:31,16.31,42.59,985.97,1025.14
2026-03-09 06:52:31,16.28,42.64,985.9,1025.08
2026-03-09 06:58:31,16.26,42.57,985.76,1024.94
2026-03-09 07:04:21,16.26,42.7,985.81,1024.99
2026-03-09 07:09:31,16.26,42.78,986.0,1025.19
2026-03-09 07:14:41,16.24,42.81,985.83,1025.01
2026-03-09 07:20:31,16.22,42.92,985.85,1025.03
2026-03-09 07:25:51,16.25,42.82,985.95,1025.13
2026-03-09 07:31:31,16.29,43.37,985.81,1024.99
2026-03-09 07:37:31,16.34,45.03,985.78,1024.95
2026-03-09 07:43:21,16.36,44.05,985.93,1025.1
2026-03-09 07:48:31,16.45,45.43,985.99,1025.15
2026-03-09 07:54:31,16.47,45.38,985.97,1025.12
2026-03-09 08:00:01,16.46,45.82,986.13,1025.29
2026-03-09 08:05:31,16.46,45.11,986.13,1025.29
2026-03-09 08:10:51,16.44,45.05,986.25,1025.41
2026-03-09 08:16:31,16.45,44.91,986.26,1025.43
2026-03-09 08:21:37,16.46,44.79,986.27,1025.44
2026-03-09 08:27:11,16.44,44.74,986.3,1025.46
2026-03-09 08:32:31,16.45,44.62,986.37,1025.54
2026-03-09 08:37:41,16.49,44.57,986.32,1025.48
2026-03-09 08:43:31,16.49,44.46,986.16,1025.32
2026-03-09 08:49:21,16.53,44.38,986.21,1025.37
2026-03-09 08:54:31,16.54,44.4,986.15,1025.3
2026-03-09 08:59:51,16.55,44.31,986.12,1025.27
2026-03-09 09:05:31,16.54,44.13,986.2,1025.35
2026-03-09 09:11:31,16.57,44.12,986.06,1025.21
2026-03-09 09:17:21,16.56,44.04,986.31,1025.46
2026-03-09 09:22:31,16.58,44.06,986.14,1025.28
2026-03-09 09:27:51,16.62,44.04,986.23,1025.37
2026-03-09 09:33:31,16.64,44.04,986.0,1025.14
2026-03-09 09:39:31,16.64,43.93,986.15,1025.28
2026-03-09 09:45:21,16.65,43.93,986.0,1025.13
2026-03-09 09:50:31,16.66,43.9,986.16,1025.3
2026-03-09 09:55:41,16.68,43.93,985.92,1025.04
2026-03-09 10:01:31,16.68,43.98,986.02,1025.14
2026-03-09 10:07:21,16.71,43.97,985.85,1024.97
2026-03-09 10:12:31,16.73,43.94,985.97,1025.09
2026-03-09 10:17:51,16.73,43.9,985.94,1025.05
2026-03-09 10:23:31,16.76,43.91,985.93,1025.04
2026-03-09 10:29:31,16.77,43.89,986.11,1025.22
2026-03-09 10:35:21,16.77,43.9,985.93,1025.04
2026-03-09 10:40:31,16.79,43.94,985.98,1025.09
2026-03-09 10:45:51,16.8,43.92,986.0,1025.1
2026-03-09 10:51:31,16.83,43.84,985.81,1024.9
2026-03-09 10:57:31,16.85,43.71,985.89,1024.99
2026-03-09 11:03:21,16.87,43.66,985.78,1024.86
2026-03-09 11:08:31,16.92,43.61,985.85,1024.93
2026-03-09 11:13:51,16.94,43.56,985.74,1024.82
2026-03-09 11:19:31,16.96,43.47,985.74,1024.81
2026-03-09 11:25:31,17.0,43.34,985.5,1024.56
2026-03-09 11:31:01,17.02,43.27,985.36,1024.41
2026-03-09 11:36:31,17.06,43.26,985.48,1024.54
2026-03-09 11:42:31,17.07,43.24,985.62,1024.68
2026-03-09 11:48:31,17.1,43.2,985.4,1024.45
2026-03-09 11:54:21,17.11,43.22,985.4,1024.44
2026-03-09 11:59:31,17.13,43.2,985.35,1024.38
2026-03-09 12:05:11,17.15,43.17,985.29,1024.32
2026-03-09 12:10:31,17.17,43.14,985.22,1024.24
2026-03-09 12:15:41,17.17,43.14,985.15,1024.17
2026-03-09 12:21:30,17.19,43.16,985.18,1024.19
2026-03-09 12:26:31,17.2,43.16,984.92,1023.92
2026-03-09 12:32:01,17.24,43.15,984.8,1023.79
2026-03-09 12:37:31,17.27,43.12,984.75,1023.74
2026-03-09 12:42:51,17.28,43.11,984.62,1023.6
2026-03-09 12:48:31,17.32,43.1,984.69,1023.67
2026-03-09 12:54:31,17.35,43.07,984.57,1023.54
2026-03-09 13:00:21,17.39,43.06,984.56,1023.53
2026-03-09 13:05:31,17.42,43.07,984.53,1023.49
2026-03-09 13:10:51,17.44,43.06,984.41,1023.36
2026-03-09 13:16:31,17.46,42.98,984.36,1023.31
2026-03-09 13:22:31,17.48,43.04,984.23,1023.17
2026-03-09 13:28:21,17.51,43.04,984.14,1023.07
2026-03-09 13:33:31,17.52,43.11,984.21,1023.14
2026-03-09 13:38:41,17.58,43.1,984.18,1023.1
2026-03-09 13:44:31,17.6,43.11,983.93,1022.84
2026-03-09 13:50:21,17.64,43.13,984.08,1022.99
2026-03-09 13:55:31,17.69,43.19,983.87,1022.76
2026-03-09 14:00:51,17.73,43.11,983.86,1022.75
2026-03-09 14:06:31,17.79,43.08,983.86,1022.74
2026-03-09 14:11:41,17.82,43.13,983.78,1022.65
2026-03-09 14:17:31,17.87,43.15,983.77,1022.64
2026-03-09 14:23:21,17.89,43.14,983.91,1022.77
2026-03-09 14:28:31,17.92,43.16,983.77,1022.62
2026-03-09 14:33:51,17.97,43.25,983.75,1022.6
2026-03-09 14:39:31,17.99,43.3,983.83,1022.68
2026-03-09 14:45:31,18.06,43.29,983.74,1022.58
2026-03-09 14:50:51,18.11,43.25,983.54,1022.36
2026-03-09 14:56:31,18.18,43.1,983.6,1022.41
2026-03-09 15:02:31,18.22,43.16,983.53,1022.33
2026-03-09 15:08:01,18.27,43.13,983.33,1022.12
2026-03-09 15:13:31,18.33,43.1,983.16,1021.94
2026-03-09 15:19:31,18.38,43.02,983.3,1022.07
2026-03-09 15:25:31,18.42,43.0,983.33,1022.09
2026-03-09 15:31:21,18.48,43.0,983.46,1022.22
2026-03-09 15:36:31,18.52,42.97,983.32,1022.07
2026-03-09 15:42:11,18.54,42.89,983.4,1022.15
2026-03-09 15:47:31,18.56,42.83,983.2,1021.94
2026-03-09 15:52:41,18.53,42.84,983.2,1021.94
2026-03-09 15:58:31,18.51,42.68,983.11,1021.85
2026-03-09 16:04:21,18.52,42.66,983.04,1021.79
2026-03-09 16:09:31,18.47,42.65,983.15,1021.9
2026-03-09 16:15:01,18.46,42.64,983.17,1021.92
2026-03-09 16:20:31,18.41,42.62,983.11,1021.87
2026-03-09 16:26:31,18.37,42.71,983.03,1021.79
2026-03-09 16:32:31,18.33,42.71,983.09,1021.86
2026-03-09 16:38:21,18.3,42.73,983.17,1021.94
2026-03-09 16:43:31,18.3,42.74,983.18,1021.96
2026-03-09 16:49:11,18.28,42.77,983.11,1021.89
2026-03-09 16:54:31,18.22,42.81,983.02,1021.8
2026-03-09 16:59:41,18.21,42.82,983.03,1021.82
2026-03-09 17:05:31,18.16,42.81,983.05,1021.84
2026-03-09 17:11:21,18.15,42.84,983.23,1022.03
2026-03-09 17:16:31,18.12,42.87,983.01,1021.81
2026-03-09 17:21:51,18.07,42.91,983.11,1021.92
2026-03-09 17:27:31,18.04,42.85,983.08,1021.89
2026-03-09 17:33:31,18.02,42.93,982.99,1021.81
2026-03-09 17:39:21,17.96,42.92,983.06,1021.88
2026-03-09 17:44:31,17.91,42.93,983.05,1021.87
2026-03-09 17:49:51,17.89,42.99,983.06,1021.89
2026-03-09 17:55:11,17.89,43.01,982.99,1021.81
2026-03-09 18:00:31,17.85,43.07,983.1,1021.93
2026-03-09 18:05:41,17.81,43.12,982.99,1021.82
2026-03-09 18:11:31,17.81,42.98,983.05,1021.89
2026-03-09 18:17:21,17.77,43.07,983.01,1021.85
2026-03-09 18:22:31,17.74,43.14,983.01,1021.85
2026-03-09 18:27:51,17.72,43.18,982.97,1021.82
2026-03-09 18:33:31,17.68,43.23,982.93,1021.78
2026-03-09 18:39:31,17.64,43.31,982.99,1021.85
2026-03-09 18:45:17,17.63,43.31,982.88,1021.74
2026-03-09 18:50:31,17.59,43.28,982.98,1021.85
2026-03-09 18:55:41,17.57,43.31,982.89,1021.76
2026-03-09 19:01:31,17.58,44.5,982.84,1021.71
2026-03-09 19:07:31,17.55,44.81,982.63,1021.5
2026-03-09 19:13:31,17.59,45.15,982.89,1021.75
2026-03-09 19:19:21,17.88,46.15,982.65,1021.46
2026-03-09 19:24:31,18.03,45.95,982.58,1021.37
2026-03-09 19:29:51,18.17,45.19,982.65,1021.42
2026-03-09 19:35:31,18.34,44.68,982.68,1021.43
2026-03-09 19:41:31,18.34,44.71,982.65,1021.4
2026-03-09 19:47:21,18.36,44.43,982.55,1021.29
2026-03-09 19:52:31,18.38,44.31,982.56,1021.29
2026-03-09 19:57:51,18.45,43.57,982.57,1021.3
2026-03-09 20:03:31,18.41,43.44,982.57,1021.3
2026-03-09 20:09:31,18.28,43.44,982.61,1021.36
2026-03-09 20:15:21,18.22,43.51,982.55,1021.31
2026-03-09 20:20:31,18.14,43.5,982.62,1021.39
2026-03-09 20:25:51,18.1,43.56,982.5,1021.28
2026-03-09 20:31:31,18.04,43.58,982.29,1021.07
2026-03-09 20:37:31,17.99,43.63,982.3,1021.09
2026-03-09 20:43:21,17.84,42.25,982.4,1021.2
2026-03-09 20:48:31,17.72,41.55,982.17,1020.98
2026-03-09 20:53:51,17.63,40.94,982.12,1020.96
2026-03-09 20:59:31,17.55,40.24,982.34,1021.19
2026-03-09 21:05:11,17.46,39.71,982.41,1021.27
2026-03-09 21:10:31,17.37,39.46,982.44,1021.31
2026-03-09 21:16:31,17.31,39.3,982.26,1021.14
2026-03-09 21:22:21,17.24,38.71,982.28,1021.17
2026-03-09 21:27:31,17.19,38.77,982.46,1021.36
2026-03-09 21:32:51,17.14,38.42,982.49,1021.4
2026-03-09 21:38:31,17.07,38.15,982.39,1021.3
2026-03-09 21:43:41,17.04,38.19,982.43,1021.35
2026-03-09 21:49:31,16.98,37.78,982.28,1021.21
2026-03-09 21:55:21,16.95,37.84,982.09,1021.01
2026-03-09 22:00:31,16.92,38.6,982.09,1021.02
2026-03-09 22:05:51,16.88,38.24,982.27,1021.21
2026-03-09 22:11:31,16.84,37.86,982.36,1021.31
2026-03-09 22:16:41,16.79,37.98,982.09,1021.03
2026-03-09 22:22:31,16.74,37.95,982.24,1021.19
2026-03-09 22:28:21,16.71,38.03,982.18,1021.14
2026-03-09 22:33:31,16.67,38.12,982.06,1021.02
2026-03-09 22:38:51,16.63,37.72,982.12,1021.08
2026-03-09 22:44:31,16.58,37.89,982.23,1021.21
2026-03-09 22:49:41,16.54,37.82,981.96,1020.94
2026-03-09 22:55:31,16.52,37.97,982.02,1021.01
2026-03-09 23:01:21,16.48,37.87,981.99,1020.98
2026-03-09 23:06:31,16.44,37.85,981.84,1020.83
2026-03-09 23:11:51,16.41,37.77,981.91,1020.9
2026-03-09 23:17:31,16.38,37.61,981.84,1020.83
2026-03-09 23:23:31,16.34,37.9,981.94,1020.94
2026-03-09 23:29:31,16.31,37.93,982.01,1021.02
2026-03-09 23:35:31,16.28,38.07,982.02,1021.03
2026-03-09 23:41:21,16.27,38.28,981.8,1020.81
2026-03-09 23:46:31,16.21,38.19,981.77,1020.78
2026-03-09 23:51:51,16.2,38.26,981.69,1020.7
2026-03-09 23:57:31,16.17,38.38,981.55,1020.57
2026-03-10 00:03:31,16.15,38.39,981.62,1020.64
2026-03-10 00:09:31,16.1,38.29,981.62,1020.64
2026-03-10 00:15:21,16.12,38.77,981.65,1020.68
2026-03-10 00:20:31,16.1,38.85,981.71,1020.74
2026-03-10 00:25:51,16.07,38.78,981.6,1020.63
2026-03-10 00:31:31,16.02,38.65,981.56,1020.59
2026-03-10 00:36:41,16.0,38.63,981.72,1020.76
2026-03-10 00:42:31,15.99,38.67,981.6,1020.64
2026-03-10 00:48:21,15.94,38.73,981.59,1020.63
2026-03-10 00:53:31,15.94,38.73,981.54,1020.59
2026-03-10 00:58:51,15.91,38.73,981.37,1020.41
2026-03-10 01:04:31,15.87,38.84,981.41,1020.46
2026-03-10 01:09:41,15.89,38.82,981.59,1020.64
2026-03-10 01:15:31,15.84,38.82,981.54,1020.59
2026-03-10 01:21:21,15.82,38.8,981.57,1020.64
2026-03-10 01:26:31,15.78,38.96,981.65,1020.71
2026-03-10 01:31:51,15.76,39.04,981.52,1020.59
2026-03-10 01:37:31,15.77,39.18,981.41,1020.48
2026-03-10 01:43:31,15.74,39.21,981.35,1020.42
2026-03-10 01:49:21,15.73,39.23,981.46,1020.54
2026-03-10 01:54:31,15.71,39.2,981.4,1020.47
2026-03-10 01:59:41,15.7,39.26,981.39,1020.47
2026-03-10 02:05:31,15.67,39.27,981.4,1020.47
2026-03-10 02:11:21,15.66,39.4,981.45,1020.53
2026-03-10 02:16:31,15.66,39.49,981.57,1020.66
2026-03-10 02:21:51,15.63,39.58,981.49,1020.57
2026-03-10 02:27:31,15.62,39.58,981.4,1020.48
2026-03-10 02:32:41,15.59,39.67,981.46,1020.54
2026-03-10 02:38:31,15.55,39.67,981.24,1020.32
2026-03-10 02:44:21,15.55,39.55,981.47,1020.56
2026-03-10 02:49:31,15.52,39.71,981.41,1020.51
2026-03-10 02:54:51,15.53,39.64,981.32,1020.41
2026-03-10 03:00:31,15.52,39.81,981.26,1020.36
2026-03-10 03:05:41,15.48,39.84,981.13,1020.23
2026-03-10 03:11:31,15.46,39.88,981.17,1020.26
2026-03-10 03:17:21,15.44,40.19,981.05,1020.15
2026-03-10 03:22:31,15.47,40.16,981.19,1020.29
2026-03-10 03:27:51,15.46,40.32,981.13,1020.23
2026-03-10 03:33:31,15.41,40.3,981.13,1020.23
2026-03-10 03:39:31,15.38,40.33,981.14,1020.25
2026-03-10 03:45:31,15.39,40.36,981.15,1020.26
2026-03-10 03:51:31,15.39,40.74,981.03,1020.13
2026-03-10 03:57:21,15.36,40.73,981.17,1020.28
2026-03-10 04:02:31,15.34,40.61,981.23,1020.34
2026-03-10 04:07:51,15.35,40.58,981.25,1020.37
2026-03-10 04:13:31,15.32,40.47,981.33,1020.46
2026-03-10 04:18:41,15.27,40.4,981.44,1020.58
2026-03-10 04:24:31,15.27,40.31,981.36,1020.5
2026-03-10 04:30:21,15.28,40.26,981.4,1020.53
2026-03-10 04:35:31,15.22,40.2,981.33,1020.46
2026-03-10 04:40:51,15.22,40.16,981.31,1020.45
2026-03-10 04:46:31,15.18,40.07,981.3,1020.44
2026-03-10 04:52:31,15.17,40.11,981.22,1020.36
2026-03-10 04:58:31,15.14,40.08,981.32,1020.47
2026-03-10 05:04:21,15.15,40.03,981.34,1020.48
2026-03-10 05:09:31,15.13,40.19,981.43,1020.59
2026-03-10 05:14:51,15.11,40.17,981.46,1020.62
2026-03-10 05:20:31,15.07,40.19,981.38,1020.54
2026-03-10 05:25:41,15.05,40.23,981.47,1020.64
2026-03-10 05:31:31,15.05,40.27,981.45,1020.62
2026-03-10 05:37:21,15.05,40.41,981.37,1020.53
2026-03-10 05:42:31,15.0,40.4,981.32,1020.49
2026-03-10 05:47:51,14.98,40.4,981.35,1020.52
2026-03-10 05:53:31,14.97,40.5,981.28,1020.45
2026-03-10 05:58:41,14.99,40.8,981.3,1020.47
2026-03-10 06:04:31,14.98,40.84,981.45,1020.63
2026-03-10 06:10:21,14.93,40.8,981.21,1020.39
2026-03-10 06:15:31,14.91,40.76,981.25,1020.43
2026-03-10 06:20:51,14.92,40.9,981.32,1020.5
2026-03-10 06:26:31,14.94,42.16,981.41,1020.6
2026-03-10 06:32:31,14.95,42.21,981.28,1020.46
2026-03-10 06:38:21,14.94,42.29,981.3,1020.48
2026-03-10 06:43:31,14.95,42.29,981.51,1020.69
2026-03-10 06:48:51,15.02,42.67,981.51,1020.68
2026-03-10 06:54:31,15.14,45.38,981.49,1020.65
2026-03-10 07:00:31,15.13,44.85,981.46,1020.62
2026-03-10 07:05:51,15.1,44.49,981.38,1020.54
2026-03-10 07:11:31,15.09,44.19,981.43,1020.59
2026-03-10 07:17:31,15.1,44.03,981.54,1020.7
2026-03-10 07:23:21,15.1,44.0,981.4,1020.56
2026-03-10 07:28:31,15.09,43.99,981.37,1020.53
2026-03-10 07:33:51,15.11,43.93,981.44,1020.6
2026-03-10 07:39:31,15.1,43.97,981.48,1020.64
2026-03-10 07:44:41,15.13,44.08,981.5,1020.66
2026-03-10 07:50:31,15.14,44.1,981.66,1020.82
2026-03-10 07:56:21,15.18,44.24,981.53,1020.69
2026-03-10 08:01:31,15.18,44.28,981.59,1020.74
2026-03-10 08:06:51,15.21,44.34,981.62,1020.77
2026-03-10 08:12:31,15.22,44.39,981.7,1020.85
2026-03-10 08:18:31,15.26,44.45,981.58,1020.72
2026-03-10 08:24:21,15.3,44.48,981.67,1020.81
2026-03-10 08:29:31,15.33,44.48,981.68,1020.82
2026-03-10 08:34:41,15.34,44.54,981.61,1020.74
2026-03-10 08:40:31,15.38,44.44,981.72,1020.85
2026-03-10 08:46:21,15.42,44.57,981.8,1020.93
2026-03-10 08:51:31,15.62,47.28,981.71,1020.82
2026-03-10 08:56:41,15.94,49.2,981.89,1020.94
2026-03-10 09:02:31,16.29,48.91,981.75,1020.76
2026-03-10 09:08:21,16.43,48.94,981.84,1020.83
2026-03-10 09:13:31,16.61,48.35,981.76,1020.72
2026-03-10 09:18:51,16.7,48.14,981.63,1020.57
2026-03-10 09:24:31,16.53,48.01,981.77,1020.74
2026-03-10 09:30:31,16.47,47.95,981.89,1020.87
2026-03-10 09:36:21,16.56,47.51,981.64,1020.59
2026-03-10 09:41:31,16.73,47.84,981.85,1020.79
2026-03-10 09:46:51,16.8,47.1,981.83,1020.77
2026-03-10 09:52:31,16.85,47.38,981.77,1020.69
2026-03-10 09:58:31,16.77,46.69,981.78,1020.71
2026-03-10 10:03:51,16.84,46.79,981.75,1020.67
2026-03-10 10:09:31,16.84,46.93,981.69,1020.61
2026-03-10 10:15:31,16.82,46.79,981.74,1020.66
2026-03-10 10:21:21,16.84,46.71,981.5,1020.41
2026-03-10 10:26:31,16.84,46.64,981.44,1020.35
2026-03-10 10:31:51,16.86,46.61,981.57,1020.49
2026-03-10 10:37:31,16.86,46.59,981.55,1020.46
2026-03-10 10:42:41,16.87,46.45,981.48,1020.39
2026-03-10 10:48:23,16.86,46.41,981.34,1020.24
2026-03-10 10:53:31,16.9,46.38,981.74,1020.65
2026-03-10 10:59:01,16.89,46.25,981.68,1020.59
2026-03-10 11:04:31,16.92,46.14,981.48,1020.38
2026-03-10 11:10:31,16.95,46.05,981.57,1020.47
2026-03-10 11:15:41,16.97,46.04,981.66,1020.56
2026-03-10 11:21:31,16.98,45.86,981.51,1020.4
2026-03-10 11:27:21,17.03,45.56,981.71,1020.61
2026-03-10 11:32:31,17.04,45.83,981.66,1020.56
2026-03-10 11:37:51,17.04,45.77,981.82,1020.71
2026-03-10 11:43:31,17.09,45.73,981.58,1020.46
2026-03-10 11:48:41,17.12,45.61,981.48,1020.35
2026-03-10 11:54:31,17.15,45.54,981.48,1020.35
2026-03-10 12:00:21,17.2,45.27,981.37,1020.23
2026-03-10 12:05:31,17.26,45.15,981.24,1020.08
2026-03-10 12:10:51,17.28,45.02,981.27,1020.11
2026-03-10 12:16:31,17.28,45.07,981.21,1020.04
2026-03-10 12:22:31,17.34,45.18,981.24,1020.07
2026-03-10 12:28:31,17.35,45.36,981.01,1019.82
2026-03-10 12:34:21,17.42,45.56,981.05,1019.86
2026-03-10 12:39:31,17.43,45.75,980.97,1019.78
2026-03-10 12:44:51,17.46,45.76,980.76,1019.56
2026-03-10 12:50:31,17.51,45.76,980.85,1019.64
2026-03-10 12:55:41,17.54,45.8,980.85,1019.64
2026-03-10 13:01:31,17.59,45.68,980.79,1019.57
2026-03-10 13:07:21,17.61,45.66,980.67,1019.44
2026-03-10 13:12:31,17.67,45.37,980.6,1019.36
2026-03-10 13:17:51,17.73,45.48,980.6,1019.35
2026-03-10 13:23:31,17.77,45.34,980.57,1019.31
2026-03-10 13:28:41,17.76,45.23,980.48,1019.22
2026-03-10 13:34:31,17.81,45.21,980.4,1019.13
2026-03-10 13:40:21,17.84,45.36,980.38,1019.1
2026-03-10 13:45:31,17.88,45.26,980.35,1019.07
2026-03-10 13:50:51,17.93,45.33,980.3,1019.01
2026-03-10 13:56:31,17.97,45.24,980.45,1019.16
2026-03-10 14:02:31,18.0,45.05,980.35,1019.05
2026-03-10 14:08:31,18.04,45.13,980.34,1019.03
2026-03-10 14:14:31,18.11,45.07,980.43,1019.12
2026-03-10 14:20:21,18.14,45.02,980.26,1018.94
2026-03-10 14:25:31,18.19,44.72,980.35,1019.02
2026-03-10 14:30:51,18.2,44.75,980.35,1019.02
2026-03-10 14:36:31,18.27,44.77,980.2,1018.85
2026-03-10 14:41:41,18.31,44.67,980.05,1018.69
2026-03-10 14:47:31,18.33,44.57,980.29,1018.93
2026-03-10 14:53:21,18.34,44.55,980.11,1018.75
2026-03-10 14:58:31,18.36,44.57,980.12,1018.75
2026-03-10 15:03:51,18.38,44.49,979.99,1018.62
2026-03-10 15:09:31,18.42,44.43,979.99,1018.62
2026-03-10 15:15:31,18.45,44.38,979.9,1018.52
2026-03-10 15:21:21,18.47,44.28,979.92,1018.54
2026-03-10 15:26:31,18.5,44.23,979.79,1018.4
2026-03-10 15:31:51,18.57,44.21,979.78,1018.37
2026-03-10 15:37:31,18.59,44.15,979.86,1018.46
2026-03-10 15:43:31,18.6,44.1,979.79,1018.39
2026-03-10 15:49:21,18.6,43.88,979.76,1018.35
2026-03-10 15:54:31,18.55,43.89,979.68,1018.27
2026-03-10 15:59:51,18.53,43.7,979.5,1018.09
2026-03-10 16:05:31,18.5,43.77,979.72,1018.32
2026-03-10 16:11:31,18.5,43.81,979.68,1018.28
2026-03-10 16:17:21,18.48,43.77,979.57,1018.17
2026-03-10 16:22:31,18.46,43.75,979.63,1018.23
2026-03-10 16:27:41,18.45,43.72,979.55,1018.15
2026-03-10 16:33:21,18.42,43.74,979.75,1018.36
2026-03-10 16:38:31,18.39,43.75,979.5,1018.1
2026-03-10 16:44:31,18.36,43.76,979.67,1018.28
2026-03-10 16:50:31,18.33,43.71,979.64,1018.26
2026-03-10 16:56:21,18.31,43.7,979.61,1018.24
2026-03-10 17:01:31,18.28,43.7,979.62,1018.26
2026-03-10 17:06:51,18.25,43.76,979.59,1018.23
2026-03-10 17:12:31,18.21,43.77,979.59,1018.23
2026-03-10 17:17:41,18.18,43.75,979.74,1018.39
2026-03-10 17:23:31,18.14,43.68,979.73,1018.39
2026-03-10 17:29:21,18.11,43.73,979.92,1018.58
2026-03-10 17:34:31,18.07,43.76,980.01,1018.68
2026-03-10 17:39:51,18.04,43.75,980.23,1018.92
2026-03-10 17:45:31,17.97,43.86,980.04,1018.73
2026-03-10 17:50:41,17.97,43.92,980.08,1018.77
2026-03-10 17:56:31,17.91,43.95,980.03,1018.73
2026-03-10 18:02:21,17.86,43.95,980.19,1018.9
2026-03-10 18:07:31,17.82,43.93,980.34,1019.06
2026-03-10 18:12:51,17.79,43.94,980.21,1018.93
2026-03-10 18:18:31,17.75,44.01,980.37,1019.1
2026-03-10 18:23:41,17.75,43.98,980.49,1019.23
2026-03-10 18:29:31,17.72,43.99,980.27,1019.01
2026-03-10 18:35:21,17.7,44.05,980.33,1019.07
2026-03-10 18:40:31,17.68,44.05,980.55,1019.31
2026-03-10 18:45:51,17.66,44.1,980.41,1019.16
2026-03-10 18:51:31,17.64,44.13,980.45,1019.21
2026-03-10 18:56:41,17.58,44.19,980.41,1019.17
2026-03-10 19:02:31,17.57,44.14,980.58,1019.35
2026-03-10 19:08:21,17.53,44.25,980.43,1019.2
2026-03-10 19:13:31,17.52,44.23,980.5,1019.27
2026-03-10 19:18:51,17.47,44.3,980.5,1019.28
2026-03-10 19:24:31,17.47,44.23,980.53,1019.32
2026-03-10 19:30:31,17.43,44.32,980.59,1019.38
2026-03-10 19:36:31,17.41,44.39,980.65,1019.45
2026-03-10 19:42:21,17.41,44.43,980.78,1019.59
2026-03-10 19:47:31,17.39,44.46,980.67,1019.47
2026-03-10 19:52:51,17.33,44.48,980.78,1019.59
2026-03-10 19:58:31,17.31,44.48,980.54,1019.35
2026-03-10 20:04:31,17.26,44.55,980.75,1019.57
2026-03-10 20:10:21,17.25,44.53,980.89,1019.71
2026-03-10 20:15:31,17.18,44.53,980.85,1019.68
2026-03-10 20:20:51,17.17,44.6,980.76,1019.59
2026-03-10 20:26:31,17.13,44.6,980.76,1019.59
2026-03-10 20:32:31,17.1,44.7,980.85,1019.69
2026-03-10 20:38:21,17.08,44.67,980.82,1019.67
2026-03-10 20:43:31,17.05,44.67,980.76,1019.61
2026-03-10 20:48:51,17.05,44.64,980.75,1019.61
2026-03-10 20:54:31,17.0,44.79,980.82,1019.68
2026-03-10 21:00:31,17.0,44.71,981.01,1019.88
2026-03-10 21:06:21,16.97,45.2,980.78,1019.65
2026-03-10 21:11:31,17.03,44.36,980.78,1019.63
2026-03-10 21:16:51,17.0,44.13,980.95,1019.82
2026-03-10 21:22:31,16.96,44.09,980.81,1019.68
2026-03-10 21:28:23,16.92,44.05,980.85,1019.72
2026-03-10 21:33:31,16.87,44.01,980.97,1019.86
2026-03-10 21:39:01,16.82,43.86,980.9,1019.78
2026-03-10 21:44:31,16.76,43.89,980.99,1019.89
2026-03-10 21:50:31,16.76,43.84,980.95,1019.86
2026-03-10 21:56:31,16.69,43.86,980.94,1019.85
2026-03-10 22:02:01,16.66,43.76,980.95,1019.86
2026-03-10 22:07:31,16.6,43.76,981.03,1019.95
2026-03-10 22:13:31,16.59,43.86,980.96,1019.88
2026-03-10 22:19:31,16.54,43.79,981.03,1019.96
2026-03-10 22:25:21,16.5,43.73,981.12,1020.06
2026-03-10 22:30:31,16.5,43.74,981.12,1020.07
2026-03-10 22:36:11,16.44,43.74,980.86,1019.8
2026-03-10 22:41:31,16.42,43.72,980.9,1019.85
2026-03-10 22:46:41,16.42,43.77,980.88,1019.83
2026-03-10 22:52:31,16.35,43.8,980.86,1019.82
2026-03-10 22:58:21,16.34,43.79,980.82,1019.78
2026-03-10 23:03:31,16.34,43.87,980.94,1019.9
2026-03-10 23:08:51,16.3,43.92,980.89,1019.86
2026-03-10 23:14:31,16.27,44.25,980.91,1019.87
2026-03-10 23:20:31,16.27,44.24,980.74,1019.7
2026-03-10 23:26:11,16.26,44.21,980.9,1019.87
2026-03-10 23:31:31,16.22,44.19,980.79,1019.76
2026-03-10 23:37:01,16.2,44.1,980.83,1019.8
2026-03-10 23:42:31,16.19,44.08,980.74,1019.71
2026-03-10 23:48:01,16.16,44.15,980.82,1019.8
2026-03-10 23:53:31,16.14,44.11,980.76,1019.74
2026-03-10 23:59:16,16.12,44.21,980.65,1019.63
2026-03-11 00:04:31,16.1,44.2,980.82,1019.8
2026-03-11 00:09:41,16.07,44.21,980.73,1019.71
2026-03-11 00:15:31,16.08,44.34,980.67,1019.65
2026-03-11 00:21:21,16.04,44.39,980.64,1019.63
2026-03-11 00:26:31,16.01,44.42,980.49,1019.48
2026-03-11 00:31:51,16.0,44.41,980.74,1019.74
2026-03-11 00:37:31,16.0,44.4,980.66,1019.65
2026-03-11 00:42:41,15.97,44.43,980.61,1019.61
2026-03-11 00:48:31,15.95,44.42,980.74,1019.75
2026-03-11 00:54:21,15.92,44.39,980.72,1019.73
2026-03-11 00:59:31,15.88,44.45,980.7,1019.71
2026-03-11 01:04:51,15.88,44.42,980.67,1019.68
2026-03-11 01:10:31,15.86,44.45,980.62,1019.64
2026-03-11 01:15:41,15.87,44.5,980.61,1019.62
2026-03-11 01:21:31,15.82,44.41,980.73,1019.75
2026-03-11 01:27:21,15.82,44.43,980.71,1019.74
2026-03-11 01:32:31,15.81,44.43,980.81,1019.84
2026-03-11 01:37:51,15.8,44.46,980.71,1019.74
2026-03-11 01:43:31,15.75,44.52,980.77,1019.81
2026-03-11 01:49:31,15.74,44.47,980.57,1019.59
2026-03-11 01:55:21,15.71,44.58,980.73,1019.76
2026-03-11 02:00:31,15.67,44.56,980.55,1019.59
2026-03-11 02:05:51,15.67,44.56,980.57,1019.61
2026-03-11 02:11:31,15.67,44.48,980.64,1019.69
2026-03-11 02:17:31,15.61,44.59,980.46,1019.51
2026-03-11 02:23:21,15.6,44.55,980.74,1019.79
2026-03-11 02:28:31,15.59,44.61,980.47,1019.52
2026-03-11 02:33:51,15.56,44.58,980.5,1019.55
2026-03-11 02:39:31,15.53,44.55,980.54,1019.59
2026-03-11 02:45:31,15.52,44.55,980.42,1019.48
2026-03-11 02:51:21,15.52,44.52,980.5,1019.56
2026-03-11 02:56:31,15.49,44.59,980.4,1019.46
2026-03-11 03:01:51,15.48,44.86,980.49,1019.56
2026-03-11 03:07:31,15.45,44.88,980.55,1019.62
2026-03-11 03:13:31,15.44,44.99,980.48,1019.54
2026-03-11 03:19:21,15.43,44.85,980.49,1019.56
2026-03-11 03:24:31,15.44,44.81,980.41,1019.48
2026-03-11 03:29:51,15.41,44.84,980.51,1019.59
2026-03-11 03:35:31,15.36,44.82,980.54,1019.62
2026-03-11 03:41:10,15.37,44.86,980.52,1019.6
2026-03-11 03:46:11,15.35,44.87,980.5,1019.59
2026-03-11 03:51:31,15.33,44.96,980.46,1019.55
2026-03-11 03:56:41,15.32,44.9,980.61,1019.7
2026-03-11 04:02:31,15.3,44.94,980.45,1019.54
2026-03-11 04:08:21,15.28,44.98,980.69,1019.79
2026-03-11 04:13:31,15.25,45.01,980.68,1019.78
2026-03-11 04:18:41,15.23,45.04,980.65,1019.75
2026-03-11 04:24:31,15.23,45.13,980.68,1019.79
2026-03-11 04:30:21,15.21,45.16,980.66,1019.77
2026-03-11 04:35:31,15.2,45.14,980.59,1019.7
2026-03-11 04:40:51,15.21,46.24,980.74,1019.86
2026-03-11 04:46:31,15.21,45.85,980.53,1019.63
2026-03-11 04:52:31,15.19,45.67,980.59,1019.7
2026-03-11 04:58:21,15.16,45.66,980.58,1019.69
2026-03-11 05:03:31,15.15,45.52,980.7,1019.81
2026-03-11 05:08:51,15.14,45.49,980.67,1019.79
2026-03-11 05:14:31,15.11,45.42,980.63,1019.76
2026-03-11 05:20:31,15.09,45.4,980.73,1019.86
2026-03-11 05:25:51,15.09,45.29,980.75,1019.88
2026-03-11 05:31:31,15.06,45.21,980.66,1019.79
2026-03-11 05:37:31,15.07,45.24,980.8,1019.94
2026-03-11 05:43:07,15.01,45.29,980.81,1019.95
2026-03-11 05:48:31,15.0,45.31,980.62,1019.76
2026-03-11 05:53:51,14.99,45.31,980.77,1019.91
2026-03-11 05:59:31,14.98,45.33,980.7,1019.84
2026-03-11 06:05:31,14.96,45.49,980.78,1019.93
2026-03-11 06:11:21,14.95,45.55,980.79,1019.94
2026-03-11 06:16:31,14.95,45.69,980.94,1020.1
2026-03-11 06:21:51,14.93,47.03,980.93,1020.09
2026-03-11 06:27:31,14.89,46.94,980.87,1020.03
2026-03-11 06:33:01,14.93,46.84,981.08,1020.24
2026-03-11 06:38:31,14.9,46.77,980.9,1020.07
2026-03-11 06:44:31,14.96,47.27,981.07,1020.23
2026-03-11 06:50:31,14.94,46.93,981.01,1020.17
2026-03-11 06:56:21,14.97,46.89,981.0,1020.16
2026-03-11 07:01:31,14.95,47.43,980.87,1020.02
2026-03-11 07:07:01,14.95,47.05,980.99,1020.14
2026-03-11 07:12:31,14.97,46.9,980.69,1019.84
2026-03-11 07:18:31,14.98,46.82,980.72,1019.87
2026-03-11 07:24:31,14.98,46.71,980.79,1019.94
2026-03-11 07:30:21,14.97,46.64,981.06,1020.22
2026-03-11 07:35:31,14.99,46.61,980.76,1019.91
2026-03-11 07:41:11,14.99,46.61,980.92,1020.07
2026-03-11 07:46:31,15.0,46.56,981.01,1020.16
2026-03-11 07:51:41,15.01,46.48,980.94,1020.09
2026-03-11 07:57:31,15.05,46.53,981.22,1020.38
2026-03-11 08:03:21,15.04,46.55,981.19,1020.35
2026-03-11 08:08:31,15.04,46.52,981.22,1020.37
2026-03-11 08:13:51,15.06,46.51,981.02,1020.16
2026-03-11 08:19:31,15.08,46.53,981.24,1020.39
2026-03-11 08:24:41,15.12,46.95,981.06,1020.21
2026-03-11 08:30:31,15.6,53.13,981.03,1020.1
2026-03-11 08:36:21,15.92,53.34,981.18,1020.22
2026-03-11 08:41:31,16.2,53.47,981.15,1020.14
2026-03-11 08:46:51,16.37,52.48,981.25,1020.21
2026-03-11 08:52:31,16.72,51.98,981.18,1020.1
2026-03-11 08:57:41,16.98,51.83,980.98,1019.85
2026-03-11 09:03:31,17.22,52.1,981.06,1019.9
2026-03-11 09:09:21,17.39,51.2,981.06,1019.87
2026-03-11 09:14:31,17.48,50.42,981.07,1019.87
2026-03-11 09:19:51,17.61,50.11,980.96,1019.74
2026-03-11 09:25:31,17.67,49.93,980.97,1019.74
2026-03-11 09:30:41,17.73,49.82,980.95,1019.71
2026-03-11 09:36:31,17.82,49.94,980.98,1019.73
2026-03-11 09:42:21,18.01,49.62,980.95,1019.67
2026-03-11 09:47:31,18.16,49.15,980.83,1019.53
2026-03-11 09:52:51,18.27,49.44,980.78,1019.46
2026-03-11 09:58:31,18.39,48.86,980.87,1019.54
2026-03-11 10:04:31,18.49,48.79,980.91,1019.56
2026-03-11 10:10:31,18.63,49.02,980.94,1019.58
2026-03-11 10:16:21,18.78,48.95,980.88,1019.49
2026-03-11 10:21:31,19.06,52.4,980.91,1019.48
2026-03-11 10:26:51,19.18,48.66,981.08,1019.64
2026-03-11 10:32:31,19.29,48.39,980.83,1019.37
2026-03-11 10:37:41,19.39,48.16,980.87,1019.4
2026-03-11 10:43:31,19.52,47.82,981.11,1019.62
2026-03-11 10:49:21,19.67,48.37,981.09,1019.58
2026-03-11 10:54:31,19.82,48.71,980.96,1019.43
2026-03-11 10:59:51,19.9,47.66,980.83,1019.28
2026-03-11 11:05:31,20.02,47.74,980.85,1019.29
2026-03-11 11:10:41,20.08,47.02,981.06,1019.49
2026-03-11 11:16:31,20.19,47.31,981.0,1019.42
2026-03-11 11:22:21,20.22,47.01,980.87,1019.28
2026-03-11 11:27:31,20.24,46.52,980.85,1019.25
2026-03-11 11:32:51,20.31,46.35,980.83,1019.22
2026-03-11 11:38:31,20.33,46.23,980.93,1019.32
2026-03-11 11:43:41,20.44,49.06,980.79,1019.17
2026-03-11 11:49:31,20.61,48.84,980.79,1019.14
2026-03-11 11:55:21,20.67,46.68,980.43,1018.76
2026-03-11 12:00:31,20.75,46.28,980.51,1018.83
2026-03-11 12:05:51,20.84,46.27,980.49,1018.79
2026-03-11 12:11:31,20.97,46.01,980.41,1018.69
2026-03-11 12:16:41,21.06,45.77,980.44,1018.71
2026-03-11 12:22:31,21.12,45.54,980.16,1018.41
2026-03-11 12:28:21,21.24,45.45,980.36,1018.6
2026-03-11 12:33:31,21.32,45.92,980.0,1018.22
2026-03-11 12:38:51,21.32,45.16,980.18,1018.4
2026-03-11 12:44:31,21.27,44.88,980.06,1018.28
2026-03-11 12:50:31,21.24,44.73,979.9,1018.13
2026-03-11 12:56:21,21.24,44.69,979.82,1018.05
2026-03-11 13:01:31,21.21,44.65,979.72,1017.94
2026-03-11 13:06:51,21.18,44.58,979.89,1018.12
2026-03-11 13:12:31,21.18,44.45,979.72,1017.95
2026-03-11 13:18:31,21.14,44.44,979.68,1017.91
2026-03-11 13:24:21,21.15,44.3,979.57,1017.8
2026-03-11 13:29:31,21.1,44.4,979.32,1017.54
2026-03-11 13:34:51,21.09,44.31,979.19,1017.41
2026-03-11 13:40:31,21.06,44.12,979.31,1017.54
2026-03-11 13:46:31,21.02,44.04,979.28,1017.51
2026-03-11 13:52:21,21.09,44.02,979.21,1017.44
2026-03-11 13:57:31,21.09,43.91,979.19,1017.41
2026-03-11 14:03:31,21.11,43.95,979.04,1017.25
2026-03-11 14:09:21,21.11,44.1,979.15,1017.36
2026-03-11 14:14:31,21.1,44.05,979.04,1017.25
2026-03-11 14:20:01,21.14,44.14,978.93,1017.13
2026-03-11 14:25:31,21.12,44.15,978.8,1016.99
2026-03-11 14:31:31,21.13,44.23,978.74,1016.93
2026-03-11 14:37:31,21.13,44.22,978.76,1016.95
2026-03-11 14:43:21,21.14,44.3,978.69,1016.88
2026-03-11 14:48:31,21.14,44.28,978.5,1016.69
2026-03-11 14:53:51,21.21,44.75,978.64,1016.82
2026-03-11 14:59:31,21.34,45.12,978.64,1016.8
2026-03-11 15:05:01,21.46,45.42,978.49,1016.64
2026-03-11 15:10:31,21.51,45.31,978.55,1016.68
2026-03-11 15:16:31,21.62,45.51,978.27,1016.38
2026-03-11 15:22:31,21.62,44.98,978.33,1016.45
2026-03-11 15:28:21,21.72,44.5,978.44,1016.54
2026-03-11 15:33:31,21.77,43.8,978.2,1016.28
2026-03-11 15:38:51,21.84,44.24,977.92,1015.98
2026-03-11 15:44:15,21.84,44.44,978.15,1016.22
2026-03-11 15:49:21,21.88,43.73,978.15,1016.22
2026-03-11 15:54:31,21.83,42.79,978.11,1016.18
2026-03-11 15:59:51,21.84,42.95,978.13,1016.2
2026-03-11 16:05:31,21.82,43.39,977.93,1016.0
2026-03-11 16:11:31,21.78,42.95,978.08,1016.16
2026-03-11 16:16:51,21.73,42.75,978.02,1016.1
2026-03-11 16:22:31,21.73,42.86,978.08,1016.16
2026-03-11 16:28:31,21.69,42.66,977.84,1015.92
2026-03-11 16:34:21,21.58,42.25,977.79,1015.88
2026-03-11 16:39:31,21.51,42.57,977.93,1016.03
2026-03-11 16:44:51,21.46,42.8,977.91,1016.03
2026-03-11 16:50:31,21.37,42.86,977.89,1016.02
2026-03-11 16:56:31,21.31,42.96,977.98,1016.12
2026-03-11 17:02:21,21.21,43.28,977.86,1016.01
2026-03-11 17:07:31,21.15,43.23,977.86,1016.02
2026-03-11 17:12:41,21.02,43.34,977.78,1015.95
2026-03-11 17:18:20,20.9,42.43,977.96,1016.15
2026-03-11 17:23:31,20.83,42.9,977.96,1016.17
2026-03-11 17:29:31,20.77,43.22,977.97,1016.19
2026-03-11 17:35:21,20.71,44.61,977.94,1016.16
2026-03-11 17:40:31,20.79,43.99,978.16,1016.38
2026-03-11 17:46:11,20.79,44.0,978.05,1016.26
2026-03-11 17:51:31,20.83,43.75,978.1,1016.31
2026-03-11 17:57:31,20.85,43.46,978.07,1016.28
2026-03-11 18:03:21,20.86,43.67,978.11,1016.31
2026-03-11 18:08:31,20.94,43.74,978.14,1016.34
2026-03-11 18:14:31,21.0,43.46,978.16,1016.35
2026-03-11 18:19:41,21.04,43.43,978.21,1016.4
2026-03-11 18:25:31,21.04,43.35,978.36,1016.55
2026-03-11 18:31:31,21.06,43.19,978.51,1016.7
2026-03-11 18:36:41,21.07,43.76,978.57,1016.76
2026-03-11 18:42:31,21.03,43.78,978.5,1016.7
2026-03-11 18:48:21,20.98,43.59,978.61,1016.82
2026-03-11 18:53:31,20.96,43.61,978.59,1016.8
2026-03-11 18:58:51,20.9,43.66,978.62,1016.84
2026-03-11 19:04:31,20.85,43.83,978.57,1016.8
2026-03-11 19:09:41,20.75,44.3,978.52,1016.76
2026-03-11 19:15:31,20.63,44.42,978.74,1017.0
2026-03-11 19:21:21,20.54,44.44,978.59,1016.86
2026-03-11 19:26:31,20.41,44.61,978.74,1017.03
2026-03-11 19:31:51,20.32,44.78,978.77,1017.08
2026-03-11 19:37:31,20.21,44.81,978.89,1017.22
2026-03-11 19:43:31,20.15,44.89,978.84,1017.18
2026-03-11 19:49:21,20.06,45.02,978.91,1017.26
2026-03-11 19:54:31,20.01,45.08,978.75,1017.11
2026-03-11 19:59:51,19.93,45.12,978.98,1017.35
2026-03-11 20:05:31,19.87,45.24,978.74,1017.11
2026-03-11 20:11:31,19.81,45.28,978.88,1017.27
2026-03-11 20:17:21,19.78,45.31,978.68,1017.06
2026-03-11 20:22:31,19.72,45.36,978.68,1017.07
2026-03-11 20:27:51,19.67,45.39,978.71,1017.11
2026-03-11 20:33:31,19.62,45.36,978.69,1017.09
2026-03-11 20:39:31,19.57,45.42,978.77,1017.19
2026-03-11 20:45:21,19.5,45.65,978.71,1017.13
2026-03-11 20:50:31,19.49,45.6,979.21,1017.65
2026-03-11 20:55:51,19.46,45.6,979.38,1017.84
2026-03-11 21:01:31,19.4,45.57,979.51,1017.97
2026-03-11 21:06:51,19.34,45.64,979.3,1017.76
2026-03-11 21:12:31,19.36,46.02,979.33,1017.79
2026-03-11 21:18:31,19.28,45.97,979.18,1017.66
2026-03-11 21:24:21,19.25,45.86,979.22,1017.7
2026-03-11 21:29:31,19.21,45.85,979.25,1017.74
2026-03-11 21:34:51,19.09,46.03,979.26,1017.75
2026-03-11 21:40:31,19.06,46.06,979.35,1017.85
2026-03-11 21:45:41,18.98,46.24,979.24,1017.75
2026-03-11 21:51:31,18.93,46.26,979.42,1017.94
2026-03-11 21:57:21,18.93,45.59,979.14,1017.65
2026-03-11 22:02:31,18.82,45.16,979.3,1017.84
2026-03-11 22:07:51,18.73,44.88,979.18,1017.72
2026-03-11 22:13:31,18.65,44.85,979.19,1017.74
2026-03-11 22:18:51,18.57,44.74,979.23,1017.8
2026-03-11 22:24:31,18.47,44.48,979.2,1017.78
2026-03-11 22:30:31,18.44,44.54,979.24,1017.83
2026-03-11 22:36:21,18.33,44.43,979.28,1017.89
2026-03-11 22:41:31,18.28,44.51,979.29,1017.91
2026-03-11 22:46:51,18.24,44.4,979.25,1017.87
2026-03-11 22:52:31,18.2,44.53,979.23,1017.85
2026-03-11 22:58:31,18.14,44.49,979.18,1017.81
2026-03-11 23:04:21,18.12,44.59,979.08,1017.71
2026-03-11 23:09:31,18.03,44.66,979.26,1017.91
2026-03-11 23:14:51,18.01,44.71,979.17,1017.82
2026-03-11 23:20:31,17.96,44.76,979.29,1017.95
2026-03-11 23:26:31,17.92,44.91,979.36,1018.03
2026-03-11 23:32:21,17.88,44.76,979.23,1017.9
2026-03-11 23:37:31,17.83,44.7,979.07,1017.75
2026-03-11 23:42:51,17.79,44.72,979.31,1017.99
2026-03-11 23:48:31,17.74,44.89,979.07,1017.75
2026-03-11 23:54:31,17.68,45.03,979.48,1018.18
2026-03-12 00:00:11,17.68,45.3,979.31,1018.0
2026-03-12 00:05:31,17.65,45.39,979.16,1017.86
2026-03-12 00:10:41,17.64,45.43,979.33,1018.04
2026-03-12 00:16:31,17.61,45.48,979.4,1018.11
2026-03-12 00:22:11,17.57,45.55,979.55,1018.28
2026-03-12 00:27:31,17.54,45.66,979.46,1018.18
2026-03-12 00:32:41,17.51,45.6,979.68,1018.42
2026-03-12 00:38:12,17.48,45.78,979.74,1018.49
2026-03-12 00:43:31,17.44,45.72,979.64,1018.39
2026-03-12 00:49:01,17.42,45.85,979.64,1018.39
2026-03-12 00:54:31,17.36,45.86,979.61,1018.36
2026-03-12 01:00:31,17.35,45.9,979.56,1018.32
2026-03-12 01:06:31,17.34,45.86,979.65,1018.41
2026-03-12 01:12:20,17.31,45.9,979.4,1018.16
2026-03-12 01:17:31,17.3,45.81,979.57,1018.34
2026-03-12 01:22:41,17.27,45.84,979.59,1018.36
2026-03-12 01:28:31,17.24,46.0,979.68,1018.46
2026-03-12 01:34:21,17.19,45.97,979.57,1018.35
2026-03-12 01:39:31,17.18,46.02,979.63,1018.41
2026-03-12 01:44:51,17.16,45.85,979.67,1018.46
2026-03-12 01:50:31,17.12,45.96,979.64,1018.43
2026-03-12 01:56:31,17.1,45.97,979.42,1018.2
2026-03-12 02:02:21,17.1,45.96,979.62,1018.41
2026-03-12 02:07:31,17.04,46.07,979.46,1018.26
2026-03-12 02:12:51,17.04,45.97,979.7,1018.5
2026-03-12 02:18:31,17.02,45.92,979.45,1018.25
2026-03-12 02:24:31,16.98,45.95,979.53,1018.34
2026-03-12 02:30:21,16.97,45.97,979.7,1018.52
2026-03-12 02:35:31,16.94,45.94,979.7,1018.52
2026-03-12 02:41:11,16.93,46.19,979.59,1018.4
2026-03-12 02:46:31,16.89,46.19,979.51,1018.32
2026-03-12 02:51:41,16.91,46.17,979.71,1018.53
2026-03-12 02:57:31,16.87,46.15,979.57,1018.39
2026-03-12 03:03:21,16.86,46.03,979.76,1018.59
2026-03-12 03:08:31,16.81,46.02,979.79,1018.63
2026-03-12 03:14:01,16.81,46.06,979.78,1018.63
2026-03-12 03:19:31,16.77,46.08,979.88,1018.74
2026-03-12 03:25:31,16.75,46.15,980.0,1018.86
2026-03-12 03:31:31,16.7,46.14,979.82,1018.68
2026-03-12 03:37:21,16.71,46.2,979.99,1018.85
2026-03-12 03:42:31,16.66,46.21,979.97,1018.84
2026-03-12 03:48:11,16.64,46.27,980.03,1018.91
2026-03-12 03:53:31,16.64,46.31,980.0,1018.88
2026-03-12 03:58:41,16.63,46.3,979.99,1018.87
2026-03-12 04:04:31,16.61,46.36,980.21,1019.09
2026-03-12 04:10:21,16.59,46.39,980.31,1019.2
2026-03-12 04:15:31,16.56,46.38,980.19,1019.09
2026-03-12 04:20:51,16.57,46.31,980.32,1019.22
2026-03-12 04:26:31,16.54,46.3,980.26,1019.16
2026-03-12 04:32:31,16.53,46.5,980.37,1019.28
2026-03-12 04:38:21,16.49,46.77,980.53,1019.45
2026-03-12 04:43:31,16.48,47.04,980.35,1019.26
2026-03-12 04:48:51,16.46,47.21,980.31,1019.22
2026-03-12 04:54:31,16.44,47.51,980.49,1019.42
2026-03-12 05:00:31,16.43,47.52,980.67,1019.61
2026-03-12 05:06:21,16.42,47.89,980.65,1019.59
2026-03-12 05:11:31,16.38,48.07,980.76,1019.7
2026-03-12 05:16:51,16.38,48.19,980.81,1019.76
2026-03-12 05:22:31,16.37,48.34,980.77,1019.72
2026-03-12 05:28:23,16.35,48.65,980.72,1019.67
2026-03-12 05:33:31,16.32,48.81,980.64,1019.59
2026-03-12 05:39:31,16.3,49.14,980.83,1019.79
2026-03-12 05:44:41,16.3,49.37,980.99,1019.96
2026-03-12 05:50:31,16.3,49.56,980.78,1019.74
2026-03-12 05:56:21,16.28,49.57,980.97,1019.94
2026-03-12 06:01:31,16.28,49.8,981.07,1020.04
2026-03-12 06:06:48,16.24,49.92,981.1,1020.08
2026-03-12 06:12:31,16.28,50.01,981.21,1020.18
2026-03-12 06:18:21,16.28,49.89,981.14,1020.11
2026-03-12 06:23:31,16.26,49.7,981.31,1020.29
2026-03-12 06:29:31,16.26,49.58,981.34,1020.32
2026-03-12 06:35:31,16.27,49.65,981.24,1020.22
2026-03-12 06:41:03,16.27,49.31,981.28,1020.26
2026-03-12 06:46:31,16.26,49.22,981.27,1020.26
2026-03-12 06:51:51,16.27,49.16,981.55,1020.54
2026-03-12 06:57:31,16.24,49.17,981.44,1020.43
2026-03-12 07:03:31,16.25,49.08,981.45,1020.44
2026-03-12 07:09:21,16.25,49.1,981.63,1020.63
2026-03-12 07:14:31,16.24,49.16,981.69,1020.69
2026-03-12 07:19:51,16.23,49.15,981.95,1020.96
2026-03-12 07:25:31,16.31,49.65,981.78,1020.78
2026-03-12 07:31:31,16.43,51.13,981.88,1020.87
2026-03-12 07:37:21,16.38,51.07,981.94,1020.93
2026-03-12 07:42:31,16.36,50.65,981.98,1020.98
2026-03-12 07:47:51,16.46,51.59,982.16,1021.15
2026-03-12 07:53:31,16.49,52.65,982.27,1021.26
2026-03-12 07:59:31,16.48,52.62,982.2,1021.19
2026-03-12 08:05:21,16.5,52.6,982.42,1021.42
2026-03-12 08:10:31,16.48,52.28,982.45,1021.45
2026-03-12 08:16:31,16.49,52.19,982.43,1021.43
2026-03-12 08:22:31,16.49,52.0,982.57,1021.57
2026-03-12 08:28:21,16.49,51.86,982.7,1021.71
2026-03-12 08:33:31,16.52,51.85,982.78,1021.79
2026-03-12 08:38:51,16.54,51.7,982.88,1021.9
2026-03-12 08:44:11,16.53,51.59,982.88,1021.89
2026-03-12 08:49:31,16.52,51.47,982.98,1022.0
2026-03-12 08:55:31,16.53,51.33,982.81,1021.82
2026-03-12 09:01:21,16.54,51.33,983.08,1022.1
2026-03-12 09:06:31,16.54,51.29,983.06,1022.08
2026-03-12 09:11:51,16.52,51.21,983.1,1022.12
2026-03-12 09:17:31,16.55,51.15,983.12,1022.14
2026-03-12 09:22:41,16.54,51.16,983.23,1022.25
2026-03-12 09:28:31,16.54,51.11,983.35,1022.38
2026-03-12 09:34:21,16.55,51.06,983.29,1022.32
2026-03-12 09:39:31,16.56,51.05,983.41,1022.44
2026-03-12 09:44:51,16.58,51.0,983.39,1022.42
2026-03-12 09:50:31,16.58,50.97,983.4,1022.42
2026-03-12 09:56:31,16.64,50.85,983.44,1022.47
2026-03-12 10:02:21,16.62,50.71,983.46,1022.49
2026-03-12 10:07:31,16.63,50.67,983.44,1022.46
2026-03-12 10:12:51,16.64,50.69,983.49,1022.51
2026-03-12 10:18:31,16.64,50.59,983.43,1022.45
2026-03-12 10:24:31,16.65,50.64,983.55,1022.57
2026-03-12 10:30:21,16.63,50.6,983.72,1022.75
2026-03-12 10:35:31,16.63,50.47,983.46,1022.48
2026-03-12 10:40:51,16.64,50.55,983.75,1022.78
2026-03-12 10:46:31,16.62,50.54,983.86,1022.9
2026-03-12 10:51:51,16.64,50.62,983.84,1022.88
2026-03-12 10:57:31,16.65,50.65,983.81,1022.85
2026-03-12 11:02:41,16.65,50.6,983.87,1022.9
2026-03-12 11:08:31,16.67,50.51,983.83,1022.86
2026-03-12 11:14:03,16.69,50.47,983.78,1022.81
2026-03-12 11:19:31,16.7,50.48,983.87,1022.89
2026-03-12 11:25:31,16.75,50.38,984.0,1023.02
2026-03-12 11:31:31,16.76,50.29,984.0,1023.02
2026-03-12 11:37:21,16.81,50.16,984.01,1023.03
2026-03-12 11:42:31,16.84,50.21,984.02,1023.04
2026-03-12 11:47:51,16.84,49.98,984.11,1023.12
2026-03-12 11:53:31,16.89,49.69,984.08,1023.09
2026-03-12 11:58:41,16.91,49.9,984.08,1023.09
2026-03-12 12:04:31,16.97,49.83,984.16,1023.16
2026-03-12 12:10:21,17.02,49.6,984.13,1023.13
2026-03-12 12:15:31,17.04,49.44,984.09,1023.08
2026-03-12 12:20:51,17.08,49.25,984.08,1023.06
2026-03-12 12:26:31,17.12,49.26,984.04,1023.01
2026-03-12 12:32:31,17.17,49.04,984.05,1023.01
2026-03-12 12:38:31,17.26,49.06,984.08,1023.04
2026-03-12 12:44:21,17.26,48.91,984.13,1023.09
2026-03-12 12:49:31,17.25,48.91,984.0,1022.95
2026-03-12 12:54:51,17.28,48.93,983.93,1022.88
2026-03-12 13:00:31,17.3,48.85,983.92,1022.87
2026-03-12 13:06:31,17.29,48.82,983.94,1022.88
2026-03-12 13:12:21,17.38,48.81,984.02,1022.95
2026-03-12 13:17:31,17.37,48.87,983.94,1022.87
2026-03-12 13:22:51,17.38,48.8,983.88,1022.81
2026-03-12 13:28:31,17.37,48.76,983.88,1022.81
2026-03-12 13:34:01,17.37,48.73,983.9,1022.83
2026-03-12 13:39:31,17.36,48.79,983.93,1022.87
2026-03-12 13:45:31,17.34,48.79,984.03,1022.97
2026-03-12 13:51:31,17.36,48.71,983.99,1022.94
2026-03-12 13:57:21,17.35,48.75,983.92,1022.85
2026-03-12 14:02:31,17.35,48.68,984.0,1022.94
2026-03-12 14:08:11,17.34,48.79,983.81,1022.75
2026-03-12 14:13:31,17.38,48.78,984.01,1022.95
2026-03-12 14:18:41,17.49,48.74,983.9,1022.81
2026-03-12 14:24:31,17.53,48.65,983.88,1022.79
2026-03-12 14:30:21,17.55,48.58,983.83,1022.74
2026-03-12 14:35:31,17.55,48.52,983.84,1022.75
2026-03-12 14:40:51,17.54,48.49,983.7,1022.6
2026-03-12 14:46:31,17.63,48.51,983.81,1022.71
2026-03-12 14:52:31,17.58,48.48,983.8,1022.7
2026-03-12 14:58:21,17.57,48.42,983.79,1022.69
2026-03-12 15:03:31,17.59,48.38,983.96,1022.86
2026-03-12 15:08:51,17.58,48.37,983.88,1022.79
2026-03-12 15:14:31,17.57,48.36,983.77,1022.67
2026-03-12 15:20:31,17.57,48.42,983.96,1022.86
2026-03-12 15:26:21,17.58,48.38,983.74,1022.64
2026-03-12 15:31:31,17.56,48.33,983.75,1022.65
2026-03-12 15:36:51,17.55,48.3,983.76,1022.66
2026-03-12 15:42:31,17.54,48.28,983.96,1022.87
2026-03-12 15:48:31,17.51,48.27,984.02,1022.93
2026-03-12 15:53:51,17.52,48.29,983.91,1022.82
2026-03-12 15:59:31,17.49,48.31,983.85,1022.76
2026-03-12 16:05:31,17.5,48.34,983.96,1022.88
2026-03-12 16:11:21,17.49,48.39,983.9,1022.82
2026-03-12 16:16:31,17.45,48.34,983.88,1022.8
2026-03-12 16:21:51,17.46,48.35,983.74,1022.65
2026-03-12 16:27:31,17.43,48.32,983.79,1022.71
2026-03-12 16:33:01,17.43,48.35,984.01,1022.93
2026-03-12 16:38:31,17.42,48.41,983.9,1022.82
2026-03-12 16:44:31,17.44,48.47,983.75,1022.67
2026-03-12 16:50:31,17.46,48.56,983.75,1022.66
2026-03-12 16:56:21,17.52,48.47,983.67,1022.57
2026-03-12 17:01:31,17.47,48.63,983.53,1022.44
2026-03-12 17:07:11,17.45,48.78,983.64,1022.55
2026-03-12 17:12:31,17.45,48.58,983.73,1022.64
2026-03-12 17:17:41,17.43,48.56,983.85,1022.77
2026-03-12 17:23:31,17.4,48.79,983.68,1022.6
2026-03-12 17:29:21,17.38,48.7,983.7,1022.62
2026-03-12 17:34:31,17.34,48.7,983.59,1022.51
2026-03-12 17:39:51,17.31,48.83,983.51,1022.44
2026-03-12 17:45:31,17.3,48.76,983.64,1022.57
2026-03-12 17:50:41,17.28,48.74,983.63,1022.57
2026-03-12 17:56:31,17.24,48.63,983.65,1022.59
2026-03-12 18:02:21,17.21,48.64,983.72,1022.67
2026-03-12 18:07:31,17.21,48.62,983.71,1022.66
2026-03-12 18:12:51,17.18,48.66,983.55,1022.5
2026-03-12 18:18:31,17.16,48.67,983.83,1022.79
2026-03-12 18:23:41,17.13,48.67,983.7,1022.65
2026-03-12 18:29:31,17.11,48.74,983.72,1022.68
2026-03-12 18:35:21,17.08,48.79,983.73,1022.69
2026-03-12 18:40:31,17.06,48.81,983.72,1022.69
2026-03-12 18:45:51,17.02,48.79,983.63,1022.6
2026-03-12 18:51:31,17.03,48.89,983.46,1022.43
2026-03-12 18:56:41,17.0,48.89,983.73,1022.71
2026-03-12 19:02:31,16.97,48.81,983.58,1022.56
2026-03-12 19:08:21,16.96,48.9,983.74,1022.72
2026-03-12 19:13:31,16.95,48.91,983.82,1022.81
2026-03-12 19:18:51,16.92,48.94,983.65,1022.64
2026-03-12 19:24:31,16.89,48.9,983.77,1022.76
2026-03-12 19:30:31,16.9,49.02,983.82,1022.82
2026-03-12 19:36:31,16.85,49.0,983.8,1022.8
2026-03-12 19:42:21,16.83,49.04,983.83,1022.84
2026-03-12 19:47:31,16.84,49.03,983.7,1022.7
2026-03-12 19:52:51,16.81,49.08,983.72,1022.73
2026-03-12 19:58:31,16.77,49.15,983.88,1022.9
2026-03-12 20:03:41,16.76,49.15,983.93,1022.95
2026-03-12 20:09:31,16.74,49.16,983.93,1022.95
2026-03-12 20:15:21,16.73,49.15,983.98,1023.0
2026-03-12 20:20:31,16.73,49.13,983.86,1022.89
2026-03-12 20:25:51,16.69,49.21,983.93,1022.96
2026-03-12 20:31:31,16.69,49.24,983.94,1022.97
2026-03-12 20:36:41,16.68,49.26,983.88,1022.91
2026-03-12 20:42:31,16.64,49.24,984.11,1023.15
2026-03-12 20:48:21,16.64,49.3,984.09,1023.14
2026-03-12 20:53:31,16.63,49.3,984.1,1023.15
2026-03-12 20:58:51,16.62,49.28,984.19,1023.24
2026-03-12 21:04:31,16.6,49.34,984.12,1023.17
2026-03-12 21:09:41,16.58,49.34,984.04,1023.09
2026-03-12 21:15:31,16.58,49.36,983.89,1022.94
2026-03-12 21:21:21,16.55,49.35,983.93,1022.98
2026-03-12 21:26:31,16.54,49.33,984.09,1023.14
2026-03-12 21:31:51,16.54,49.37,984.16,1023.22
2026-03-12 21:37:31,16.54,49.4,984.24,1023.3
2026-03-12 21:42:41,16.53,49.43,984.22,1023.28
2026-03-12 21:48:31,16.48,49.4,984.03,1023.09
2026-03-12 21:54:21,16.51,49.43,983.99,1023.05
2026-03-12 21:59:31,16.49,49.37,983.85,1022.9
2026-03-12 22:04:51,16.46,49.4,983.82,1022.87
2026-03-12 22:10:31,16.47,49.42,983.95,1023.01
2026-03-12 22:15:51,16.44,49.4,983.83,1022.89
2026-03-12 22:21:31,16.44,49.43,983.7,1022.76
2026-03-12 22:27:31,16.44,49.46,983.78,1022.84
2026-03-12 22:33:21,16.41,49.5,983.79,1022.85
2026-03-12 22:38:31,16.43,49.51,983.73,1022.79
2026-03-12 22:43:51,16.41,49.49,983.55,1022.61
2026-03-12 22:49:31,16.39,49.45,983.49,1022.55
2026-03-12 22:55:31,16.4,49.47,983.52,1022.58
2026-03-12 23:01:21,16.37,49.38,983.22,1022.27
2026-03-12 23:06:31,16.37,49.51,983.42,1022.48
2026-03-12 23:11:41,16.36,49.51,983.32,1022.37
2026-03-12 23:17:31,16.35,49.46,983.32,1022.38
2026-03-12 23:23:21,16.33,49.48,983.18,1022.23
2026-03-12 23:28:31,16.34,49.45,983.15,1022.2
2026-03-12 23:33:51,16.34,49.49,983.14,1022.2
2026-03-12 23:39:31,16.31,49.53,983.11,1022.16
2026-03-12 23:45:31,16.31,49.52,983.01,1022.06
2026-03-12 23:51:21,16.29,49.49,982.98,1022.03
2026-03-12 23:56:31,16.29,49.48,983.0,1022.05
2026-03-13 00:01:51,16.28,49.5,982.9,1021.95
2026-03-13 00:07:31,16.28,49.49,982.76,1021.8
2026-03-13 00:13:31,16.26,49.52,982.81,1021.86
2026-03-13 00:19:21,16.25,49.52,982.8,1021.85
2026-03-13 00:24:31,16.25,49.55,982.63,1021.67
2026-03-13 00:29:51,16.24,49.57,982.57,1021.61
2026-03-13 00:35:31,16.23,49.5,982.62,1021.66
2026-03-13 00:41:31,16.22,49.52,982.54,1021.58
2026-03-13 00:47:13,16.19,49.58,982.35,1021.39
2026-03-13 00:52:31,16.21,49.54,982.15,1021.18
2026-03-13 00:57:41,16.2,49.53,982.31,1021.34
2026-03-13 01:03:31,16.2,49.54,982.19,1021.21
2026-03-13 01:09:21,16.2,49.5,981.97,1020.99
2026-03-13 01:14:31,16.21,49.54,982.12,1021.14
2026-03-13 01:19:51,16.21,49.5,982.19,1021.22
2026-03-13 01:25:31,16.16,49.57,982.09,1021.12
2026-03-13 01:31:31,16.17,49.51,982.16,1021.18
2026-03-13 01:37:21,16.18,49.53,981.92,1020.94
2026-03-13 01:42:31,16.14,49.49,981.76,1020.78
2026-03-13 01:47:51,16.13,49.54,981.78,1020.8
2026-03-13 01:53:31,16.13,49.56,981.79,1020.81
2026-03-13 01:59:31,16.12,49.52,981.45,1020.46
2026-03-13 02:05:21,16.11,49.56,981.49,1020.5
2026-03-13 02:10:31,16.09,49.51,981.28,1020.28
2026-03-13 02:16:01,16.09,49.55,981.31,1020.32
2026-03-13 02:21:31,16.07,49.59,981.38,1020.39
2026-03-13 02:27:31,16.04,49.54,981.22,1020.23
2026-03-13 02:33:31,16.06,49.59,981.16,1020.16
2026-03-13 02:39:21,16.03,49.55,981.05,1020.06
2026-03-13 02:44:31,16.04,49.57,981.13,1020.14
2026-03-13 02:49:51,16.02,49.6,981.1,1020.11
2026-03-13 02:55:31,16.02,49.58,980.93,1019.93
2026-03-13 03:01:31,16.01,49.54,980.76,1019.75
2026-03-13 03:07:21,16.01,49.56,980.67,1019.66
2026-03-13 03:12:31,15.99,49.59,980.56,1019.56
2026-03-13 03:17:51,15.98,49.56,980.57,1019.56
2026-03-13 03:23:11,15.98,49.55,980.57,1019.56
2026-03-13 03:28:31,15.96,49.58,980.59,1019.59
2026-03-13 03:33:41,15.94,49.54,980.6,1019.6
2026-03-13 03:39:31,15.94,49.51,980.66,1019.66
2026-03-13 03:45:21,15.93,49.55,980.59,1019.59
2026-03-13 03:50:31,15.9,49.58,980.57,1019.58
2026-03-13 03:55:51,15.89,49.56,980.63,1019.64
2026-03-13 04:01:31,15.88,49.57,980.53,1019.53
2026-03-13 04:07:31,15.89,49.61,980.55,1019.55
2026-03-13 04:13:11,15.86,49.56,980.64,1019.65
2026-03-13 04:18:31,15.88,49.57,980.53,1019.54
2026-03-13 04:23:41,15.86,49.54,980.43,1019.43
2026-03-13 04:29:31,15.86,49.56,980.47,1019.48
2026-03-13 04:35:21,15.86,49.63,980.47,1019.48
2026-03-13 04:40:31,15.86,49.61,980.38,1019.39
2026-03-13 04:45:51,15.82,49.57,980.32,1019.32
2026-03-13 04:51:31,15.81,49.59,980.21,1019.21
2026-03-13 04:56:41,15.82,49.62,980.35,1019.36
2026-03-13 05:02:31,15.82,49.59,980.31,1019.32
2026-03-13 05:08:21,15.79,49.57,980.24,1019.24
2026-03-13 05:13:31,15.78,49.61,980.32,1019.33
2026-03-13 05:18:51,15.75,49.63,980.23,1019.24
2026-03-13 05:24:31,15.75,49.57,980.17,1019.18
2026-03-13 05:30:31,15.75,49.6,980.03,1019.04
2026-03-13 05:36:31,15.74,49.54,980.15,1019.16
2026-03-13 05:42:21,15.71,49.61,979.99,1018.99
2026-03-13 05:47:31,15.72,49.6,979.94,1018.94
2026-03-13 05:52:51,15.71,49.58,979.84,1018.84
2026-03-13 05:58:31,15.69,49.55,979.84,1018.84
2026-03-13 06:03:41,15.67,49.62,980.05,1019.06
2026-03-13 06:09:31,15.69,49.65,979.73,1018.74
2026-03-13 06:15:21,15.69,49.67,979.87,1018.88
2026-03-13 06:20:31,15.66,49.71,979.89,1018.89
2026-03-13 06:25:51,15.64,49.76,979.83,1018.83
2026-03-13 06:31:31,15.65,49.78,979.77,1018.78
2026-03-13 06:37:31,15.62,49.8,979.78,1018.79
2026-03-13 06:43:21,15.64,49.83,979.63,1018.64
2026-03-13 06:48:31,15.64,49.84,979.64,1018.64
2026-03-13 06:53:51,15.66,49.86,979.75,1018.76
2026-03-13 06:59:31,15.65,49.84,979.7,1018.7
2026-03-13 07:05:31,15.67,49.86,979.67,1018.67
2026-03-13 07:11:21,15.65,49.84,979.57,1018.57
2026-03-13 07:16:31,15.66,49.83,979.59,1018.59
2026-03-13 07:21:51,15.67,49.82,979.67,1018.67
2026-03-13 07:27:31,15.66,49.86,979.73,1018.74
2026-03-13 07:33:31,15.65,49.84,979.68,1018.68
2026-03-13 07:39:11,15.66,49.81,979.81,1018.81
2026-03-13 07:44:31,15.69,49.83,979.84,1018.84
2026-03-13 07:49:41,15.69,49.84,979.84,1018.84
2026-03-13 07:55:31,15.7,49.77,979.87,1018.87
2026-03-13 08:01:21,15.7,49.79,979.69,1018.68
2026-03-13 08:06:31,15.7,49.78,979.66,1018.66
2026-03-13 08:11:51,15.7,49.73,979.54,1018.53
2026-03-13 08:17:31,15.71,49.72,979.66,1018.66
2026-03-13 08:23:31,15.74,49.72,979.75,1018.75
2026-03-13 08:29:21,15.72,49.72,979.45,1018.43
2026-03-13 08:34:31,15.72,49.69,979.39,1018.37
2026-03-13 08:39:51,15.73,49.69,979.44,1018.42
2026-03-13 08:45:31,15.75,49.68,979.35,1018.33
2026-03-13 08:50:51,15.76,49.7,979.28,1018.25
2026-03-13 08:56:31,15.77,49.66,979.43,1018.41
2026-03-13 09:02:31,15.78,49.71,979.29,1018.25
2026-03-13 09:08:21,15.78,49.71,979.29,1018.25
2026-03-13 09:13:31,15.77,49.73,979.21,1018.17
2026-03-13 09:18:51,15.8,49.75,979.15,1018.11
2026-03-13 09:24:31,15.79,49.79,979.32,1018.28
2026-03-13 09:29:41,15.8,49.79,979.16,1018.12
2026-03-13 09:35:31,15.83,49.82,979.14,1018.09
2026-03-13 09:41:21,15.83,49.84,978.94,1017.88
2026-03-13 09:46:31,15.87,49.87,978.95,1017.89
2026-03-13 09:51:51,15.88,50.03,979.06,1018.0
2026-03-13 09:57:31,15.88,50.03,978.93,1017.86
2026-03-13 10:03:31,15.92,50.1,978.91,1017.84
2026-03-13 10:09:21,15.95,50.22,978.88,1017.8
2026-03-13 10:14:31,16.0,50.4,978.75,1017.66
2026-03-13 10:19:51,15.99,50.52,978.71,1017.62
2026-03-13 10:25:31,16.01,50.62,978.63,1017.53
2026-03-13 10:31:31,16.03,50.78,978.49,1017.38
2026-03-13 10:37:21,16.04,50.87,978.47,1017.36
2026-03-13 10:42:31,16.08,50.94,978.34,1017.22
2026-03-13 10:47:51,16.12,51.13,978.39,1017.27
2026-03-13 10:52:53,16.15,51.14,978.1,1016.97
2026-03-13 10:58:31,16.18,51.22,978.01,1016.87
2026-03-13 11:04:01,16.21,51.3,978.14,1016.99
2026-03-13 11:09:31,16.25,51.23,977.92,1016.76
2026-03-13 11:15:31,16.27,51.34,977.72,1016.55
2026-03-13 11:21:01,16.3,51.51,977.57,1016.39
2026-03-13 11:26:31,16.34,51.53,977.38,1016.19
2026-03-13 11:32:31,16.34,51.58,977.34,1016.14
2026-03-13 11:38:31,16.38,51.61,977.3,1016.1
2026-03-13 11:44:21,16.43,51.7,976.84,1015.62
2026-03-13 11:49:31,16.47,51.78,977.11,1015.88
2026-03-13 11:54:51,16.48,51.79,976.99,1015.75
2026-03-13 12:00:31,16.54,51.7,976.95,1015.72
2026-03-13 12:06:31,16.53,51.86,976.7,1015.45
2026-03-13 12:12:11,16.58,51.81,976.44,1015.17
2026-03-13 12:17:31,16.62,51.76,976.42,1015.15
2026-03-13 12:22:41,16.65,51.76,976.28,1015.0
2026-03-13 12:28:31,16.68,51.67,976.14,1014.85
2026-03-13 12:34:21,16.74,51.65,976.16,1014.87
2026-03-13 12:39:31,16.76,51.61,975.94,1014.62
2026-03-13 12:45:31,16.83,51.54,975.69,1014.36
2026-03-13 12:51:31,16.86,51.44,975.81,1014.48
2026-03-13 12:57:21,16.91,51.39,975.58,1014.23
2026-03-13 13:02:31,16.93,51.31,975.37,1014.01
2026-03-13 13:07:41,16.98,51.27,975.25,1013.88
2026-03-13 13:13:31,17.04,51.13,975.26,1013.88
2026-03-13 13:19:21,17.08,50.97,975.03,1013.63
2026-03-13 13:24:31,17.15,50.88,975.12,1013.72
2026-03-13 13:29:51,17.2,50.75,974.9,1013.48
2026-03-13 13:35:31,17.23,50.64,974.87,1013.44
2026-03-13 13:41:31,17.4,50.3,974.72,1013.26
2026-03-13 13:47:21,17.63,49.96,974.58,1013.09
2026-03-13 13:52:31,17.74,49.98,974.66,1013.15
2026-03-13 13:57:51,17.89,50.98,974.56,1013.03
2026-03-13 14:03:31,18.1,49.93,974.3,1012.74
2026-03-13 14:09:31,18.22,49.13,974.16,1012.57
2026-03-13 14:14:51,18.37,48.93,974.14,1012.53
2026-03-13 14:20:31,18.57,49.2,974.28,1012.65
2026-03-13 14:26:21,18.74,48.9,974.05,1012.38
2026-03-13 14:31:31,18.8,47.74,973.99,1012.31
2026-03-13 14:37:01,18.88,48.07,973.91,1012.21
2026-03-13 14:42:31,18.86,47.87,973.84,1012.14
2026-03-13 14:48:31,18.94,47.71,973.67,1011.95
2026-03-13 14:54:31,18.94,47.68,973.77,1012.06
2026-03-13 15:00:21,18.99,47.65,973.77,1012.05
2026-03-13 15:05:31,19.02,47.65,973.65,1011.92
2026-03-13 15:10:51,19.05,47.59,973.33,1011.58
2026-03-13 15:16:31,19.06,47.57,973.49,1011.74
2026-03-13 15:22:31,19.1,47.68,973.22,1011.47
2026-03-13 15:27:51,19.1,47.8,973.43,1011.68
2026-03-13 15:33:31,19.16,47.56,973.22,1011.46
2026-03-13 15:39:31,19.29,48.29,972.94,1011.14
2026-03-13 15:45:21,19.4,47.79,972.95,1011.15
2026-03-13 15:50:31,19.32,47.19,973.05,1011.25
2026-03-13 15:55:51,19.24,47.01,973.05,1011.26
2026-03-13 16:01:28,19.19,46.7,972.74,1010.95
2026-03-13 16:06:31,19.17,46.65,972.8,1011.02
2026-03-13 16:12:11,19.11,46.48,972.93,1011.15
2026-03-13 16:17:31,19.05,46.52,972.65,1010.88
2026-03-13 16:22:51,18.98,46.44,972.8,1011.04
2026-03-13 16:28:31,18.93,46.42,972.39,1010.63
2026-03-13 16:34:31,18.87,46.37,972.51,1010.76
2026-03-13 16:40:21,18.83,46.45,972.33,1010.57
2026-03-13 16:45:31,18.82,46.57,972.46,1010.72
2026-03-13 16:50:51,18.82,46.58,972.44,1010.69
2026-03-13 16:56:31,18.87,46.03,972.18,1010.42
2026-03-13 17:02:31,18.82,45.99,972.07,1010.3
2026-03-13 17:07:51,18.75,46.17,972.06,1010.3
2026-03-13 17:13:31,18.68,46.24,972.25,1010.51
2026-03-13 17:19:31,18.62,46.41,972.19,1010.46
2026-03-13 17:25:21,18.54,46.42,971.73,1010.0
2026-03-13 17:30:31,18.5,46.55,971.66,1009.92
2026-03-13 17:35:51,18.42,46.56,971.86,1010.14
2026-03-13 17:41:31,18.37,46.5,971.63,1009.9
2026-03-13 17:47:31,18.34,46.53,971.9,1010.2
2026-03-13 17:53:21,18.29,46.59,971.81,1010.1
2026-03-13 17:58:31,18.25,46.57,971.4,1009.69
2026-03-13 18:03:51,18.16,47.2,971.41,1009.72
2026-03-13 18:09:31,18.17,46.87,971.41,1009.71
2026-03-13 18:15:01,18.11,47.99,971.37,1009.68
2026-03-13 18:20:31,18.09,47.48,971.73,1010.05
2026-03-13 18:26:31,18.05,47.48,971.38,1009.69
2026-03-13 18:32:31,17.99,48.05,971.39,1009.71
2026-03-13 18:38:21,17.96,47.92,971.26,1009.59
2026-03-13 18:43:31,17.91,48.06,971.6,1009.94
2026-03-13 18:49:11,17.96,50.69,971.31,1009.63
2026-03-13 18:54:31,17.94,49.38,971.28,1009.6
2026-03-13 18:59:41,17.97,49.78,971.03,1009.35
2026-03-13 19:05:31,17.89,50.4,971.5,1009.84
2026-03-13 19:11:21,17.81,50.21,971.13,1009.46
2026-03-13 19:16:31,17.78,49.99,971.23,1009.58
2026-03-13 19:22:01,17.76,49.82,970.9,1009.24
2026-03-13 19:27:31,17.7,49.72,970.92,1009.26
2026-03-13 19:33:31,17.69,49.7,971.07,1009.42
2026-03-13 19:39:31,17.65,49.7,971.07,1009.43
2026-03-13 19:45:21,17.59,49.64,970.68,1009.03
2026-03-13 19:50:31,17.57,49.6,970.57,1008.92
2026-03-13 19:56:11,17.55,49.55,970.76,1009.12
2026-03-13 20:01:31,17.51,49.59,970.74,1009.1
2026-03-13 20:06:41,17.49,49.49,970.83,1009.2
2026-03-13 20:12:31,17.47,49.51,970.59,1008.95
2026-03-13 20:18:21,17.45,49.47,970.35,1008.7
2026-03-13 20:23:31,17.43,49.37,970.57,1008.94
2026-03-13 20:28:51,17.42,49.4,970.46,1008.82
2026-03-13 20:34:31,17.38,49.31,970.42,1008.78
2026-03-13 20:39:41,17.37,49.39,970.25,1008.61
2026-03-13 20:45:31,17.35,49.43,970.0,1008.36
2026-03-13 20:51:21,17.32,49.34,969.95,1008.31
2026-03-13 20:56:31,17.34,49.31,970.12,1008.48
2026-03-13 21:01:51,17.37,48.96,970.21,1008.58
2026-03-13 21:07:31,17.39,52.97,970.36,1008.72
2026-03-13 21:12:41,17.45,51.01,970.31,1008.67
2026-03-13 21:18:31,17.44,50.14,970.09,1008.44
2026-03-13 21:24:21,17.4,49.86,970.09,1008.44
2026-03-13 21:29:31,17.37,49.49,969.94,1008.29
2026-03-13 21:34:51,17.33,49.3,970.19,1008.56
2026-03-13 21:40:31,17.28,49.18,969.98,1008.35
2026-03-13 21:45:41,17.24,49.06,970.26,1008.63
2026-03-13 21:51:31,17.22,49.0,969.99,1008.37
2026-03-13 21:57:21,17.18,48.91,969.8,1008.17
2026-03-13 22:02:31,17.2,49.46,969.7,1008.06
2026-03-13 22:07:51,17.21,49.06,969.85,1008.22
2026-03-13 22:13:31,17.16,48.83,969.46,1007.82
2026-03-13 22:18:41,17.16,48.75,969.84,1008.22
2026-03-13 22:24:31,17.12,48.6,969.92,1008.3
2026-03-13 22:30:21,17.16,49.57,969.61,1007.98
2026-03-13 22:35:31,17.2,49.78,969.7,1008.06
2026-03-13 22:40:51,17.21,50.0,969.6,1007.95
2026-03-13 22:46:31,17.22,50.46,969.63,1007.98
2026-03-13 22:52:31,17.27,50.68,969.42,1007.76
2026-03-13 22:58:31,17.3,50.73,969.41,1007.74
2026-03-13 23:04:21,17.35,51.01,968.95,1007.26
2026-03-13 23:09:31,17.36,51.41,968.85,1007.15
2026-03-13 23:14:51,17.39,51.33,969.19,1007.5
2026-03-13 23:20:31,17.41,51.44,968.95,1007.25
2026-03-13 23:25:41,17.42,51.5,968.86,1007.16
2026-03-13 23:31:31,17.45,51.16,968.95,1007.24
2026-03-13 23:37:21,17.4,51.1,968.87,1007.17
2026-03-13 23:42:31,17.32,50.57,968.43,1006.72
2026-03-13 23:47:51,17.3,50.25,968.76,1007.07
2026-03-13 23:53:31,17.26,50.0,968.89,1007.21
2026-03-13 23:58:41,17.22,49.87,968.34,1006.63
2026-03-14 00:04:31,17.21,49.56,968.36,1006.66
2026-03-14 00:10:21,17.17,49.5,968.21,1006.51
2026-03-14 00:15:31,17.15,49.35,968.43,1006.74
2026-03-14 00:20:51,17.13,49.29,968.33,1006.64
2026-03-14 00:26:31,17.08,49.38,968.21,1006.52
2026-03-14 00:31:41,17.07,49.27,968.28,1006.6
2026-03-14 00:37:31,17.05,49.18,968.17,1006.48
2026-03-14 00:43:21,17.03,49.2,968.17,1006.49
2026-03-14 00:48:31,17.01,49.15,967.79,1006.1
2026-03-14 00:53:51,17.0,49.24,967.75,1006.06
2026-03-14 00:59:31,16.97,48.96,967.78,1006.09
2026-03-14 01:04:41,16.94,48.89,967.63,1005.94
2026-03-14 01:10:31,16.94,48.84,967.8,1006.12
2026-03-14 01:16:21,16.92,49.02,967.62,1005.93
2026-03-14 01:21:31,16.88,49.07,967.51,1005.82
2026-03-14 01:26:51,16.88,49.02,967.5,1005.82
2026-03-14 01:32:31,16.87,49.1,967.64,1005.96
2026-03-14 01:37:41,16.87,49.1,967.25,1005.56
2026-03-14 01:43:31,16.82,48.98,967.24,1005.55
2026-03-14 01:49:21,16.84,49.06,967.51,1005.83
2026-03-14 01:54:31,16.8,48.95,967.21,1005.52
2026-03-14 01:59:51,16.79,49.04,966.98,1005.29
2026-03-14 02:05:31,16.76,49.01,966.91,1005.22
2026-03-14 02:11:31,16.74,49.12,966.76,1005.06
2026-03-14 02:17:31,16.73,49.08,966.68,1004.98
2026-03-14 02:23:21,16.7,49.16,966.48,1004.78
2026-03-14 02:28:31,16.72,49.37,966.32,1004.61
2026-03-14 02:33:51,16.7,49.32,966.49,1004.79
2026-03-14 02:39:31,16.68,49.26,966.48,1004.78
2026-03-14 02:45:31,16.65,49.24,966.2,1004.49
2026-03-14 02:51:21,16.66,49.24,966.32,1004.61
2026-03-14 02:56:31,16.62,49.2,965.94,1004.22
2026-03-14 03:01:51,16.62,49.11,965.79,1004.07
2026-03-14 03:07:02,16.64,49.79,966.0,1004.28
2026-03-14 03:12:21,16.63,49.95,965.73,1004.0
2026-03-14 03:17:31,16.65,49.86,965.54,1003.81
2026-03-14 03:22:51,16.64,49.37,965.5,1003.76
2026-03-14 03:28:31,16.62,49.32,965.6,1003.88
2026-03-14 03:34:31,16.6,49.29,965.6,1003.87
2026-03-14 03:40:21,16.6,49.34,965.64,1003.91
2026-03-14 03:45:31,16.58,49.3,965.83,1004.12
2026-03-14 03:50:51,16.54,49.27,965.56,1003.84
2026-03-14 03:56:31,16.57,49.32,965.66,1003.94
2026-03-14 04:02:21,16.53,49.25,965.23,1003.5
2026-03-14 04:07:31,16.52,49.3,965.32,1003.59
2026-03-14 04:12:51,16.52,49.32,965.19,1003.46
2026-03-14 04:18:31,16.5,49.37,965.13,1003.4
2026-03-14 04:24:31,16.48,49.37,965.32,1003.6
2026-03-14 04:30:21,16.45,49.39,964.97,1003.24
2026-03-14 04:35:31,16.46,49.46,964.95,1003.22
2026-03-14 04:40:51,16.42,49.42,965.15,1003.42
2026-03-14 04:46:31,16.42,49.52,964.9,1003.17
2026-03-14 04:52:31,16.39,49.49,965.02,1003.3
2026-03-14 04:58:21,16.37,49.56,964.68,1002.94
2026-03-14 05:03:31,16.37,49.57,964.8,1003.07
2026-03-14 05:08:51,16.36,49.56,964.66,1002.93
2026-03-14 05:14:31,16.36,50.51,964.6,1002.86
2026-03-14 05:20:31,16.38,50.46,964.8,1003.07
2026-03-14 05:26:31,16.38,50.2,964.64,1002.91
2026-03-14 05:32:21,16.37,50.07,964.37,1002.63
2026-03-14 05:37:31,16.34,50.8,964.17,1002.43
2026-03-14 05:42:51,16.37,50.83,964.6,1002.86
2026-03-14 05:48:31,16.45,51.34,964.34,1002.58
2026-03-14 05:53:41,16.46,51.4,964.53,1002.78
2026-03-14 05:59:31,16.49,51.56,964.41,1002.65
2026-03-14 06:05:21,16.51,51.84,964.23,1002.46
2026-03-14 06:10:31,16.55,51.86,964.16,1002.39
2026-03-14 06:15:51,16.52,52.8,964.04,1002.27
2026-03-14 06:21:31,16.5,52.64,964.16,1002.38
2026-03-14 06:27:31,16.54,52.51,964.47,1002.7
2026-03-14 06:33:31,16.51,52.57,964.16,1002.39
2026-03-14 06:39:31,16.46,52.66,964.21,1002.44
2026-03-14 06:45:21,16.49,52.5,964.1,1002.33
2026-03-14 06:50:31,16.48,52.42,964.38,1002.62
2026-03-14 06:55:51,16.46,52.4,963.89,1002.11
2026-03-14 07:01:31,16.48,52.3,963.78,1002.0
2026-03-14 07:07:31,16.45,52.22,964.18,1002.41
2026-03-14 07:13:31,16.46,52.15,964.08,1002.31
2026-03-14 07:19:21,16.47,52.0,963.77,1001.98
2026-03-14 07:24:31,16.47,51.91,963.78,1001.99
2026-03-14 07:29:51,16.51,52.05,963.84,1002.06
2026-03-14 07:35:31,16.5,52.35,963.51,1001.71
2026-03-14 07:40:41,16.52,52.15,963.7,1001.91
2026-03-14 07:46:31,16.49,52.02,963.79,1002.01
2026-03-14 07:52:21,16.49,51.99,963.54,1001.75
2026-03-14 07:57:31,16.5,51.91,963.47,1001.67
2026-03-14 08:02:51,16.5,52.08,963.58,1001.78
2026-03-14 08:08:31,16.51,51.95,963.88,1002.09
2026-03-14 08:13:41,16.52,51.95,963.66,1001.87
2026-03-14 08:19:31,16.71,52.25,963.59,1001.77
2026-03-14 08:25:21,16.75,52.5,963.37,1001.53
2026-03-14 08:30:31,16.73,52.27,963.63,1001.8
2026-03-14 08:35:51,16.75,52.13,963.54,1001.71
2026-03-14 08:41:31,16.72,51.93,963.72,1001.89
2026-03-14 08:47:31,16.73,51.74,963.66,1001.84
2026-03-14 08:53:21,16.75,51.5,963.88,1002.06
2026-03-14 08:58:31,16.83,51.79,963.73,1001.9
2026-03-14 09:03:51,16.93,50.91,963.92,1002.07
2026-03-14 09:09:20,16.96,50.77,963.88,1002.04
2026-03-14 09:14:21,16.98,51.14,963.73,1001.87
2026-03-14 09:19:31,16.98,50.92,963.62,1001.76
2026-03-14 09:24:51,16.97,50.79,963.51,1001.65
2026-03-14 09:30:31,16.97,50.67,963.5,1001.64
2026-03-14 09:36:31,16.97,50.54,963.36,1001.49
2026-03-14 09:42:21,16.98,50.47,963.63,1001.76
2026-03-14 09:47:31,16.99,50.37,963.23,1001.35
2026-03-14 09:52:41,17.02,50.21,963.27,1001.39
2026-03-14 09:58:31,17.02,50.1,963.22,1001.33
2026-03-14 10:04:21,17.04,50.02,963.6,1001.72
2026-03-14 10:09:31,17.06,49.97,963.5,1001.62
2026-03-14 10:14:51,17.08,49.91,963.38,1001.49
2026-03-14 10:20:31,17.07,49.76,963.29,1001.39
2026-03-14 10:26:31,17.1,49.71,963.01,1001.1
2026-03-14 10:32:31,17.13,49.64,962.86,1000.95
2026-03-14 10:38:21,17.11,49.49,963.18,1001.28
2026-03-14 10:43:31,17.14,49.52,963.28,1001.38
2026-03-14 10:48:51,17.13,49.47,963.24,1001.34
2026-03-14 10:54:31,17.14,49.43,962.86,1000.94
2026-03-14 11:00:31,17.16,49.38,962.99,1001.07
2026-03-14 11:06:21,17.17,49.39,962.72,1000.8
2026-03-14 11:11:31,17.23,50.26,963.13,1001.21
2026-03-14 11:16:51,17.73,52.21,963.11,1001.12
2026-03-14 11:22:31,18.0,52.75,962.82,1000.78
2026-03-14 11:28:31,18.25,53.55,963.01,1000.94
2026-03-14 11:33:56,18.43,54.78,962.51,1000.41
2026-03-14 11:39:31,18.62,56.52,962.68,1000.55
2026-03-14 11:45:31,18.78,57.98,962.67,1000.52
2026-03-14 11:51:21,18.96,58.47,962.52,1000.34
2026-03-14 11:56:31,19.08,58.4,962.51,1000.31
2026-03-14 12:01:51,18.93,54.3,962.16,999.97
2026-03-14 12:07:31,18.77,52.8,962.44,1000.28
2026-03-14 12:12:41,18.68,52.04,962.16,1000.0
2026-03-14 12:18:31,18.66,51.3,962.16,1000.0
2026-03-14 12:24:21,18.6,49.09,962.3,1000.16
2026-03-14 12:29:31,18.58,48.22,961.8,999.64
2026-03-14 12:34:51,18.57,49.05,961.76,999.6
2026-03-14 12:40:31,18.56,49.36,961.97,999.82
2026-03-14 12:45:41,18.56,49.27,961.76,999.6
2026-03-14 12:51:31,18.54,49.15,962.02,999.87
2026-03-14 12:57:21,18.54,48.61,961.7,999.54
2026-03-14 13:02:31,18.55,47.94,961.79,999.63
2026-03-14 13:07:51,18.58,46.93,961.81,999.65
2026-03-14 13:13:31,18.85,52.38,961.75,999.55
2026-03-14 13:18:41,19.06,51.07,961.65,999.41
2026-03-14 13:24:31,19.26,50.54,961.89,999.64
2026-03-14 13:30:21,19.45,50.56,961.6,999.31
2026-03-14 13:35:31,19.54,49.97,961.17,998.85
2026-03-14 13:40:51,19.71,49.65,961.28,998.94
2026-03-14 13:46:31,19.85,49.02,961.3,998.95
2026-03-14 13:52:31,19.91,48.97,961.44,999.09
2026-03-14 13:58:31,20.01,49.77,961.31,998.93
2026-03-14 14:04:21,20.01,49.21,960.85,998.46
2026-03-14 14:09:31,20.0,48.61,960.98,998.59
2026-03-14 14:14:51,19.99,48.45,961.31,998.94
2026-03-14 14:20:31,19.92,47.84,961.09,998.71
2026-03-14 14:25:41,19.88,47.42,961.25,998.88
2026-03-14 14:31:31,19.88,47.19,961.38,999.02
2026-03-14 14:37:21,19.82,46.65,961.17,998.81
2026-03-14 14:42:31,19.77,45.04,961.05,998.7
2026-03-14 14:47:51,19.75,45.59,961.18,998.83
2026-03-14 14:53:31,19.73,45.94,961.35,999.01
2026-03-14 14:59:31,19.72,45.86,961.09,998.75
2026-03-14 15:05:31,19.72,45.68,961.09,998.75
2026-03-14 15:11:31,19.75,44.82,961.02,998.67
2026-03-14 15:17:21,19.75,44.57,961.38,999.04
2026-03-14 15:22:31,19.74,44.82,961.3,998.96
2026-03-14 15:27:51,19.75,44.69,960.98,998.63
2026-03-14 15:33:31,19.76,44.75,960.81,998.44
2026-03-14 15:38:41,19.74,44.21,960.83,998.48
2026-03-14 15:44:31,19.67,43.18,960.87,998.52
2026-03-14 15:50:21,19.62,43.47,960.54,998.18
2026-03-14 15:55:31,19.57,42.58,960.97,998.64
2026-03-14 16:00:51,19.54,42.65,960.98,998.66
2026-03-14 16:06:31,19.46,42.7,960.85,998.53
2026-03-14 16:11:41,19.4,42.63,961.07,998.77
2026-03-14 16:17:31,19.34,42.72,960.88,998.58
2026-03-14 16:23:21,19.32,43.8,961.13,998.84
2026-03-14 16:28:31,19.31,44.23,961.21,998.92
2026-03-14 16:33:51,19.27,44.78,961.22,998.94
2026-03-14 16:39:31,19.25,45.24,960.77,998.48
2026-03-14 16:44:41,19.26,46.23,961.13,998.85
2026-03-14 16:50:31,19.25,46.05,961.28,999.01
2026-03-14 16:56:08,19.22,46.07,960.7,998.41
2026-03-14 17:01:31,19.2,46.33,961.02,998.75
2026-03-14 17:06:51,19.17,46.54,960.99,998.72
2026-03-14 17:12:31,19.15,46.63,961.07,998.8
2026-03-14 17:18:31,19.12,46.7,961.1,998.84
2026-03-14 17:24:21,19.08,46.83,960.99,998.73
2026-03-14 17:29:31,19.05,46.89,961.3,999.05
2026-03-14 17:34:41,19.06,46.98,960.95,998.69
2026-03-14 17:40:31,19.01,46.98,961.1,998.86
2026-03-14 17:46:21,18.96,47.13,961.14,998.9
2026-03-14 17:51:31,18.96,47.02,961.28,999.04
2026-03-14 17:56:51,18.92,47.38,961.14,998.91
2026-03-14 18:02:31,18.93,47.22,961.14,998.91
2026-03-14 18:07:41,18.89,47.49,961.41,999.19
2026-03-14 18:13:31,18.87,47.77,961.53,999.32
2026-03-14 18:19:21,18.87,48.45,961.56,999.36
2026-03-14 18:24:31,18.83,48.78,961.67,999.47
2026-03-14 18:29:51,18.83,48.56,961.75,999.55
2026-03-14 18:35:31,18.83,48.7,961.38,999.17
2026-03-14 18:41:31,18.81,48.58,961.76,999.56
2026-03-14 18:47:31,18.78,48.55,961.55,999.35
2026-03-14 18:53:31,18.78,48.45,961.86,999.68
2026-03-14 18:59:21,18.75,48.51,961.57,999.38
2026-03-14 19:04:31,18.73,48.4,961.35,999.15
2026-03-14 19:09:51,18.73,48.29,961.82,999.64
2026-03-14 19:15:31,18.73,48.28,961.65,999.46
2026-03-14 19:21:31,18.71,48.17,962.06,999.9
2026-03-14 19:27:31,18.69,48.19,962.1,999.94
2026-03-14 19:33:21,18.68,48.03,961.92,999.75
2026-03-14 19:38:31,18.68,48.12,961.62,999.45
2026-03-14 19:43:51,18.62,48.09,962.1,999.94
2026-03-14 19:49:31,18.69,48.41,962.15,999.99
2026-03-14 19:54:41,18.67,48.47,962.06,999.9
2026-03-14 20:00:31,18.64,48.43,962.18,1000.03
2026-03-14 20:06:21,18.62,48.43,962.22,1000.08
2026-03-14 20:11:31,18.58,48.49,961.99,999.84
2026-03-14 20:16:51,18.57,48.48,962.22,1000.08
2026-03-14 20:22:31,18.55,48.42,962.02,999.87
2026-03-14 20:27:41,18.52,48.42,962.06,999.92
2026-03-14 20:33:31,18.51,48.45,962.2,1000.07
2026-03-14 20:39:21,18.46,48.54,962.01,999.87
2026-03-14 20:44:31,18.45,48.47,962.59,1000.48
2026-03-14 20:49:51,18.4,48.49,962.17,1000.05
2026-03-14 20:55:31,18.39,48.57,962.42,1000.31
2026-03-14 21:00:41,18.39,48.56,962.55,1000.44
2026-03-14 21:06:31,18.37,48.62,962.49,1000.39
2026-03-14 21:12:21,18.34,48.64,962.32,1000.22
2026-03-14 21:17:31,18.33,48.61,962.49,1000.4
2026-03-14 21:22:51,18.31,48.65,962.72,1000.64
2026-03-14 21:28:31,18.27,48.73,962.73,1000.65
2026-03-14 21:33:41,18.29,48.73,962.65,1000.57
2026-03-14 21:39:31,18.27,48.79,962.54,1000.46
2026-03-14 21:45:21,18.23,48.76,962.52,1000.44
2026-03-14 21:50:31,18.23,48.79,962.86,1000.8
2026-03-14 21:55:51,18.21,48.8,963.07,1001.01
2026-03-14 22:01:31,18.21,48.03,962.81,1000.74
2026-03-14 22:06:41,18.09,44.68,963.0,1000.95
2026-03-14 22:12:31,17.94,43.24,962.76,1000.73
2026-03-14 22:18:21,17.75,42.63,962.82,1000.81
2026-03-14 22:23:31,17.71,42.4,963.19,1001.2
2026-03-14 22:28:51,17.61,42.23,962.93,1000.96
2026-03-14 22:34:31,17.55,41.89,963.23,1001.28
2026-03-14 22:40:31,17.47,42.06,962.99,1001.04
2026-03-14 22:46:31,17.38,41.97,963.27,1001.34
2026-03-14 22:52:21,17.33,41.92,963.3,1001.38
2026-03-14 22:57:31,17.28,41.77,963.45,1001.54
2026-03-14 23:02:51,17.34,43.46,963.39,1001.48
2026-03-14 23:08:31,17.44,44.18,963.53,1001.6
2026-03-14 23:14:31,17.51,45.1,963.35,1001.4
2026-03-14 23:20:17,17.59,45.82,963.32,1001.37
2026-03-14 23:25:21,17.63,46.25,963.43,1001.47
2026-03-14 23:30:31,17.67,46.62,963.46,1001.5
2026-03-14 23:35:51,17.7,47.02,963.53,1001.57
2026-03-14 23:41:31,17.74,47.64,964.11,1002.17
2026-03-14 23:47:31,17.72,47.78,964.49,1002.56
2026-03-14 23:53:31,17.75,48.19,964.32,1002.39
2026-03-14 23:59:31,17.78,48.6,964.92,1003.0
2026-03-15 00:05:21,17.74,49.32,964.86,1002.95
2026-03-15 00:10:31,17.75,47.52,964.94,1003.03
2026-03-15 00:15:51,17.74,47.18,964.95,1003.04
2026-03-15 00:21:31,17.68,47.23,964.92,1003.02
2026-03-15 00:26:41,17.65,47.52,964.96,1003.06
2026-03-15 00:32:31,17.58,47.64,965.58,1003.71
2026-03-15 00:38:21,17.53,47.77,965.52,1003.66
2026-03-15 00:43:31,17.53,47.89,965.11,1003.24
2026-03-15 00:48:51,17.48,48.15,965.19,1003.33
2026-03-15 00:54:31,17.46,48.33,965.74,1003.91
2026-03-15 01:00:31,17.4,48.44,965.32,1003.48
2026-03-15 01:06:21,17.35,48.43,965.91,1004.09
2026-03-15 01:11:31,17.35,48.39,965.7,1003.88
2026-03-15 01:16:51,17.32,48.55,966.24,1004.44
2026-03-15 01:22:31,17.29,48.58,965.89,1004.09
2026-03-15 01:28:31,17.25,48.74,966.15,1004.36
2026-03-15 01:34:21,17.25,48.61,966.29,1004.51
2026-03-15 01:39:31,17.23,48.75,966.34,1004.56
2026-03-15 01:44:51,17.18,48.83,966.43,1004.66
2026-03-15 01:50:31,17.2,48.9,966.29,1004.51
2026-03-15 01:56:31,17.13,48.85,966.55,1004.79
2026-03-15 02:02:21,17.12,48.69,966.76,1005.02
2026-03-15 02:07:31,16.85,46.25,966.71,1004.99
2026-03-15 02:13:31,16.84,47.3,966.77,1005.06
2026-03-15 02:19:31,16.88,48.27,966.73,1005.02
2026-03-15 02:25:21,16.91,48.2,967.09,1005.39
2026-03-15 02:30:31,16.9,48.33,966.86,1005.14
2026-03-15 02:35:51,16.89,48.42,967.19,1005.49
2026-03-15 02:41:31,16.89,48.48,967.04,1005.34
2026-03-15 02:47:31,16.9,48.63,967.44,1005.75
2026-03-15 02:53:21,16.89,48.64,967.47,1005.78
2026-03-15 02:58:31,16.87,48.68,967.37,1005.68
2026-03-15 03:03:51,16.88,48.77,967.75,1006.07
2026-03-15 03:09:31,16.87,48.83,967.79,1006.12
2026-03-15 03:15:01,16.85,48.8,968.08,1006.42
2026-03-15 03:20:31,16.85,48.74,968.05,1006.39
2026-03-15 03:26:31,16.87,48.73,967.69,1006.02
2026-03-15 03:32:31,16.83,48.81,968.24,1006.59
2026-03-15 03:38:21,16.83,48.87,968.21,1006.56
2026-03-15 03:43:31,16.84,48.91,968.2,1006.56
2026-03-15 03:49:11,16.81,48.91,968.81,1007.19
2026-03-15 03:54:31,16.82,49.01,968.77,1007.15
2026-03-15 03:59:41,16.78,49.05,968.64,1007.02
2026-03-15 04:05:31,16.79,49.05,968.94,1007.33
2026-03-15 04:11:21,16.76,49.2,969.16,1007.56
2026-03-15 04:16:31,16.73,49.16,969.09,1007.49
2026-03-15 04:21:51,16.72,49.06,969.07,1007.47
2026-03-15 04:27:31,16.71,49.11,969.03,1007.44
2026-03-15 04:33:31,16.71,49.09,969.32,1007.74
2026-03-15 04:39:21,16.66,49.0,969.69,1008.12
2026-03-15 04:44:31,16.66,49.1,969.34,1007.76
2026-03-15 04:49:51,16.66,49.4,969.51,1007.95
2026-03-15 04:55:31,16.66,49.49,969.76,1008.2
2026-03-15 05:01:31,16.68,49.47,969.92,1008.37
2026-03-15 05:07:21,16.67,49.4,969.87,1008.32
2026-03-15 05:12:31,16.64,49.33,969.77,1008.22
2026-03-15 05:17:51,16.64,49.24,970.12,1008.58
2026-03-15 05:23:01,16.62,49.21,969.9,1008.36
2026-03-15 05:28:31,16.59,49.18,969.88,1008.33
2026-03-15 05:33:51,16.57,49.18,970.04,1008.51
2026-03-15 05:39:31,16.55,49.23,970.01,1008.48
2026-03-15 05:45:31,16.54,49.31,970.24,1008.72
2026-03-15 05:51:01,16.54,49.08,969.92,1008.39
2026-03-15 05:56:31,16.5,49.16,970.16,1008.64
2026-03-15 06:02:16,16.5,49.21,970.29,1008.78
2026-03-15 06:07:21,16.52,50.16,970.79,1009.29
2026-03-15 06:12:31,16.56,50.63,970.91,1009.42
2026-03-15 06:17:51,16.61,51.23,970.79,1009.28
2026-03-15 06:23:31,16.63,51.85,970.99,1009.49
2026-03-15 06:29:31,16.64,51.7,970.83,1009.33
2026-03-15 06:35:21,16.66,52.18,970.97,1009.46
2026-03-15 06:40:31,16.67,52.35,971.23,1009.73
2026-03-15 06:45:41,16.71,52.37,971.29,1009.79
2026-03-15 06:51:31,16.74,53.43,971.4,1009.9
2026-03-15 06:57:21,16.72,52.87,971.05,1009.53
2026-03-15 07:02:31,16.74,52.92,971.49,1009.99
2026-03-15 07:07:51,16.75,52.81,971.51,1010.02
2026-03-15 07:13:31,16.74,52.68,971.72,1010.23
2026-03-15 07:19:31,16.69,49.46,971.68,1010.21
2026-03-15 07:25:21,16.75,51.16,971.89,1010.41
2026-03-15 07:30:31,16.76,50.74,972.14,1010.67
2026-03-15 07:35:51,16.7,50.18,972.17,1010.71
2026-03-15 07:41:31,16.68,50.18,972.06,1010.6
2026-03-15 07:47:01,16.64,49.73,972.33,1010.88
2026-03-15 07:52:31,16.62,49.36,972.56,1011.12
2026-03-15 07:58:31,16.56,49.12,972.76,1011.34
2026-03-15 08:04:31,16.54,48.84,972.63,1011.2
2026-03-15 08:10:21,16.54,48.71,972.77,1011.36
2026-03-15 08:15:31,16.51,48.41,972.73,1011.32
2026-03-15 08:20:51,16.48,48.42,973.23,1011.84
2026-03-15 08:26:31,16.45,48.33,972.95,1011.56
2026-03-15 08:32:31,16.44,48.07,973.16,1011.77
2026-03-15 08:38:11,16.34,48.32,973.33,1011.96
2026-03-15 08:43:31,16.38,48.31,973.24,1011.87
2026-03-15 08:48:41,16.37,48.37,973.23,1011.87
2026-03-15 08:54:31,16.38,48.02,973.36,1011.99
2026-03-15 09:00:21,16.34,48.51,973.65,1012.3
2026-03-15 09:05:31,16.38,49.17,973.87,1012.52
2026-03-15 09:10:31,16.43,49.32,973.6,1012.23
2026-03-15 09:16:31,16.49,49.26,973.71,1012.35
2026-03-15 09:22:21,16.5,49.29,974.05,1012.7
2026-03-15 09:27:31,16.54,49.54,973.94,1012.58
2026-03-15 09:32:51,16.59,50.34,973.93,1012.56
2026-03-15 09:38:31,16.79,51.54,974.12,1012.74
2026-03-15 09:44:31,16.88,52.78,974.43,1013.03
2026-03-15 09:50:21,16.96,52.67,974.34,1012.93
2026-03-15 09:55:31,17.05,52.59,974.39,1012.97
2026-03-15 10:00:51,17.13,52.38,974.42,1012.99
2026-03-15 10:06:31,17.18,52.15,974.38,1012.94
2026-03-15 10:12:31,17.28,52.33,974.51,1013.07
2026-03-15 10:18:31,17.34,51.09,974.37,1012.91
2026-03-15 10:24:31,17.72,51.94,974.59,1013.09
2026-03-15 10:30:21,17.88,51.48,974.47,1012.95
2026-03-15 10:35:31,17.69,48.66,974.53,1013.02
2026-03-15 10:40:51,17.73,49.22,974.75,1013.25
2026-03-15 10:46:31,17.7,49.15,974.81,1013.32
2026-03-15 10:52:31,17.71,49.39,974.74,1013.24
2026-03-15 10:57:56,17.7,49.76,974.76,1013.27
2026-03-15 11:03:31,17.75,49.31,974.66,1013.16
2026-03-15 11:09:31,17.92,50.09,974.7,1013.18
2026-03-15 11:15:21,18.02,50.4,974.86,1013.32
2026-03-15 11:20:31,18.06,50.23,975.0,1013.46
2026-03-15 11:25:51,18.12,49.89,975.16,1013.62
2026-03-15 11:31:31,18.37,50.41,975.12,1013.55
2026-03-15 11:37:31,18.51,51.0,975.08,1013.49
2026-03-15 11:43:21,18.61,50.3,975.08,1013.48
2026-03-15 11:48:31,18.65,51.27,975.21,1013.6
2026-03-15 11:53:41,18.73,51.35,975.21,1013.59
2026-03-15 11:59:31,18.77,50.09,975.3,1013.67
2026-03-15 12:05:21,18.79,49.67,975.35,1013.72
2026-03-15 12:10:31,18.79,49.57,975.4,1013.78
2026-03-15 12:15:51,18.78,49.63,975.66,1014.04
2026-03-15 12:21:31,18.82,49.5,975.41,1013.78
2026-03-15 12:27:31,19.09,52.61,975.57,1013.91
2026-03-15 12:33:15,19.51,52.62,975.35,1013.63
2026-03-15 12:38:31,19.8,51.95,975.51,1013.76
2026-03-15 12:43:51,20.11,52.74,975.52,1013.72
2026-03-15 12:49:31,20.31,51.31,975.51,1013.68
2026-03-15 12:55:31,20.47,50.34,975.51,1013.66
2026-03-15 13:00:51,20.6,49.95,975.5,1013.63
2026-03-15 13:06:31,20.6,49.41,975.48,1013.61
2026-03-15 13:12:31,20.55,48.69,975.86,1014.01
2026-03-15 13:18:21,20.5,48.71,975.69,1013.84
2026-03-15 13:23:31,20.46,48.36,975.66,1013.82
2026-03-15 13:28:51,20.45,48.64,975.57,1013.73
2026-03-15 13:34:31,20.45,48.72,975.58,1013.73
2026-03-15 13:40:31,20.51,49.85,975.57,1013.72
2026-03-15 13:46:00,20.76,51.02,975.5,1013.61
2026-03-15 13:51:31,20.89,50.69,975.74,1013.83
2026-03-15 13:56:41,21.0,50.56,975.69,1013.77
2026-03-15 14:02:31,21.03,49.48,975.56,1013.64
2026-03-15 14:08:21,21.01,48.75,975.74,1013.82
2026-03-15 14:13:31,21.0,48.48,975.56,1013.64
2026-03-15 14:19:11,21.07,48.76,975.67,1013.74
2026-03-15 14:24:31,21.22,48.94,975.69,1013.74
2026-03-15 14:29:41,21.32,48.18,975.76,1013.8
2026-03-15 14:35:31,21.38,48.0,975.71,1013.74
2026-03-15 14:41:21,21.43,48.25,975.71,1013.74
2026-03-15 14:46:31,21.5,47.74,975.82,1013.84
2026-03-15 14:51:51,21.52,47.58,975.68,1013.69
2026-03-15 14:57:31,21.48,47.35,975.74,1013.76
2026-03-15 15:03:31,21.34,47.2,975.59,1013.63
2026-03-15 15:09:21,21.2,47.21,975.69,1013.74
2026-03-15 15:14:31,21.12,47.33,975.82,1013.9
2026-03-15 15:19:41,20.99,47.38,975.8,1013.89
2026-03-15 15:25:31,20.94,47.45,975.97,1014.07
2026-03-15 15:31:31,20.87,47.51,975.66,1013.77
2026-03-15 15:36:41,20.8,47.55,975.77,1013.88
2026-03-15 15:42:31,20.74,47.5,975.81,1013.93
2026-03-15 15:48:21,20.68,47.62,975.77,1013.9
2026-03-15 15:53:31,20.66,47.72,975.69,1013.82
2026-03-15 15:58:51,20.62,47.67,975.75,1013.89
2026-03-15 16:04:31,20.57,47.72,975.67,1013.81
2026-03-15 16:10:31,20.55,47.66,975.85,1014.0
2026-03-15 16:16:21,20.51,47.72,975.77,1013.93
2026-03-15 16:21:31,20.47,47.7,975.89,1014.06
2026-03-15 16:26:49,20.46,47.69,975.73,1013.89
2026-03-15 16:32:31,20.44,47.7,975.66,1013.82
2026-03-15 16:38:21,20.39,47.69,975.81,1013.98
2026-03-15 16:43:31,20.37,47.72,975.89,1014.07
2026-03-15 16:49:31,20.33,47.64,975.82,1014.0
2026-03-15 16:55:31,20.32,47.67,975.86,1014.05
2026-03-15 17:00:57,20.29,47.71,975.85,1014.04
2026-03-15 17:06:31,20.23,47.73,975.87,1014.07
2026-03-15 17:12:31,20.15,47.84,975.85,1014.06
2026-03-15 17:18:21,20.13,47.89,975.79,1014.0
2026-03-15 17:23:31,20.06,47.82,976.0,1014.22
2026-03-15 17:28:51,20.04,47.8,975.98,1014.21
2026-03-15 17:34:31,20.01,47.72,976.08,1014.31
2026-03-15 17:39:41,19.96,47.77,976.17,1014.41
2026-03-15 17:45:31,19.93,47.86,976.02,1014.26
2026-03-15 17:51:21,19.88,47.86,976.05,1014.31
2026-03-15 17:56:31,19.86,47.87,976.14,1014.4
2026-03-15 18:01:51,19.82,47.91,976.09,1014.36
2026-03-15 18:07:31,19.81,47.89,976.27,1014.55
2026-03-15 18:12:41,19.77,47.93,976.22,1014.5
2026-03-15 18:18:31,19.8,48.34,976.42,1014.7
2026-03-15 18:24:21,19.92,48.93,976.35,1014.61
2026-03-15 18:29:31,19.9,49.08,976.41,1014.68
2026-03-15 18:34:51,19.88,49.02,976.54,1014.81
2026-03-15 18:40:31,19.81,48.86,976.73,1015.01
2026-03-15 18:45:41,20.06,49.1,976.57,1014.81
2026-03-15 18:51:31,20.33,49.62,976.37,1014.58
2026-03-15 18:57:21,20.54,49.32,976.6,1014.79
2026-03-15 19:02:31,20.66,49.05,976.59,1014.76
2026-03-15 19:07:51,20.75,48.6,976.57,1014.73
2026-03-15 19:13:31,20.7,48.28,976.83,1015.0
2026-03-15 19:19:31,20.66,47.89,976.74,1014.92
2026-03-15 19:25:31,20.54,47.92,976.92,1015.11
2026-03-15 19:31:21,20.36,48.06,976.88,1015.1
2026-03-15 19:36:31,20.24,48.13,976.97,1015.21
2026-03-15 19:41:51,20.14,48.19,977.04,1015.29
2026-03-15 19:47:31,20.02,48.32,977.06,1015.33
2026-03-15 19:52:41,19.95,48.5,976.9,1015.18
2026-03-15 19:58:31,19.89,48.52,977.05,1015.34
2026-03-15 20:04:21,19.78,48.64,977.1,1015.4
2026-03-15 20:09:31,19.72,48.65,976.93,1015.24
2026-03-15 20:14:51,19.68,48.65,977.04,1015.36
2026-03-15 20:20:31,19.61,48.73,977.15,1015.48
2026-03-15 20:26:31,19.57,48.81,977.22,1015.56
2026-03-15 20:32:31,19.56,49.39,977.25,1015.6
2026-03-15 20:38:31,19.58,50.06,977.11,1015.45
2026-03-15 20:44:21,19.57,49.96,977.06,1015.4
2026-03-15 20:49:31,19.53,50.09,977.06,1015.4
2026-03-15 20:54:51,19.48,50.27,977.23,1015.59
2026-03-15 21:00:31,19.47,50.3,977.19,1015.55
2026-03-15 21:05:41,19.43,50.41,977.03,1015.39
2026-03-15 21:11:31,19.39,50.49,977.24,1015.61
2026-03-15 21:17:21,19.35,50.64,977.41,1015.79
2026-03-15 21:22:31,19.36,50.67,977.17,1015.55
2026-03-15 21:27:51,19.31,50.73,977.23,1015.61
2026-03-15 21:33:31,19.28,50.83,977.2,1015.58
2026-03-15 21:38:41,19.26,50.94,977.25,1015.63
2026-03-15 21:44:31,19.2,51.06,977.22,1015.61
2026-03-15 21:50:21,19.19,51.17,977.27,1015.67
2026-03-15 21:55:31,19.2,51.22,977.26,1015.66
2026-03-15 22:00:51,19.17,51.69,977.36,1015.77
2026-03-15 22:06:31,19.22,51.52,977.44,1015.84
2026-03-15 22:11:41,18.91,45.96,977.28,1015.72
2026-03-15 22:17:31,18.59,44.46,977.48,1015.97
2026-03-15 22:23:21,18.34,44.24,977.4,1015.91
2026-03-15 22:28:31,18.18,43.74,977.23,1015.77
2026-03-15 22:33:51,17.93,43.65,977.42,1016.0
2026-03-15 22:39:31,17.8,43.61,977.4,1016.0
2026-03-15 22:45:31,17.6,43.5,977.34,1015.96
2026-03-15 22:51:31,17.41,43.52,977.32,1015.97
2026-03-15 22:57:21,17.23,43.48,977.52,1016.2
2026-03-15 23:02:31,17.15,43.74,977.46,1016.15
2026-03-15 23:07:51,17.02,43.66,977.49,1016.2
2026-03-15 23:13:31,16.88,44.01,977.49,1016.22
2026-03-15 23:18:41,16.9,44.51,977.44,1016.17
2026-03-15 23:24:31,16.98,45.92,977.38,1016.09
2026-03-15 23:30:21,16.97,46.43,977.27,1015.98
2026-03-15 23:35:31,16.96,46.75,977.25,1015.96
2026-03-15 23:40:51,17.02,46.76,977.18,1015.88
2026-03-15 23:46:31,17.03,46.8,977.18,1015.87
2026-03-15 23:51:41,17.04,46.8,977.15,1015.84
2026-03-15 23:57:31,17.04,46.92,977.22,1015.92
2026-03-16 00:03:21,17.03,47.06,977.3,1016.0
2026-03-16 00:08:31,17.02,47.38,977.26,1015.96
2026-03-16 00:13:51,17.03,47.23,977.24,1015.94
2026-03-16 00:19:31,17.03,47.34,977.11,1015.81
2026-03-16 00:25:31,17.02,47.4,977.14,1015.84
2026-03-16 00:31:31,16.98,47.55,977.25,1015.96
2026-03-16 00:37:31,16.95,47.69,976.99,1015.69
2026-03-16 00:43:21,16.98,47.7,977.1,1015.81
2026-03-16 00:48:31,16.92,48.18,977.2,1015.92
2026-03-16 00:53:51,16.9,48.3,977.04,1015.75
2026-03-16 00:59:31,16.95,48.35,976.9,1015.6
2026-03-16 01:04:41,16.94,48.3,977.02,1015.73
2026-03-16 01:10:31,16.92,48.27,976.94,1015.64
2026-03-16 01:16:21,16.92,48.39,976.97,1015.68
2026-03-16 01:21:31,16.9,48.44,976.92,1015.63
2026-03-16 01:26:51,16.87,48.47,976.84,1015.54
2026-03-16 01:32:31,16.88,48.43,976.83,1015.53
2026-03-16 01:38:31,16.85,48.56,976.61,1015.31
2026-03-16 01:44:21,16.83,48.5,976.38,1015.08
2026-03-16 01:49:31,16.84,48.54,976.44,1015.14
2026-03-16 01:54:51,16.8,48.46,976.43,1015.13
2026-03-16 02:00:31,16.79,48.46,976.31,1015.01
2026-03-16 02:06:31,16.76,48.43,976.3,1015.0
2026-03-16 02:12:21,16.75,48.45,976.17,1014.87
2026-03-16 02:17:31,16.75,48.7,976.38,1015.08
2026-03-16 02:22:51,16.76,48.96,976.21,1014.91
2026-03-16 02:28:31,16.71,48.85,976.41,1015.12
2026-03-16 02:34:31,16.72,48.6,976.26,1014.97
2026-03-16 02:40:21,16.71,48.47,975.98,1014.67
2026-03-16 02:45:31,16.7,48.44,976.11,1014.81
2026-03-16 02:50:51,16.68,48.5,976.09,1014.79
2026-03-16 02:56:31,16.67,48.45,975.85,1014.55
2026-03-16 03:02:31,16.64,48.76,975.81,1014.51
2026-03-16 03:08:21,16.64,48.7,976.03,1014.74
2026-03-16 03:13:31,16.64,48.7,976.07,1014.78
2026-03-16 03:18:51,16.62,48.82,975.88,1014.58
2026-03-16 03:24:31,16.6,48.86,975.97,1014.68
2026-03-16 03:30:31,16.58,49.14,975.93,1014.64
2026-03-16 03:36:21,16.56,49.15,975.77,1014.48
2026-03-16 03:41:31,16.56,49.22,975.69,1014.39
2026-03-16 03:46:51,16.54,49.41,975.78,1014.49
2026-03-16 03:52:31,16.55,49.53,975.88,1014.6
2026-03-16 03:58:31,16.51,49.57,975.71,1014.42
2026-03-16 04:04:21,16.49,49.58,976.08,1014.8
2026-03-16 04:09:31,16.47,49.68,975.88,1014.6
2026-03-16 04:14:51,16.47,49.68,975.91,1014.63
2026-03-16 04:20:31,16.44,49.83,975.84,1014.56
2026-03-16 04:26:01,16.42,50.02,975.91,1014.64
2026-03-16 04:31:31,16.43,49.94,975.74,1014.47
2026-03-16 04:37:31,16.43,50.06,975.86,1014.59
2026-03-16 04:43:31,16.42,49.97,975.86,1014.59
2026-03-16 04:49:21,16.4,50.12,975.85,1014.58
2026-03-16 04:54:31,16.39,50.19,975.87,1014.61
2026-03-16 05:00:01,16.37,50.14,975.75,1014.49
2026-03-16 05:05:31,16.37,50.12,975.8,1014.54
2026-03-16 05:11:31,16.34,50.29,975.69,1014.43
2026-03-16 05:17:31,16.33,50.38,975.83,1014.57
2026-03-16 05:23:21,16.32,50.43,976.06,1014.81
2026-03-16 05:28:31,16.29,50.39,975.77,1014.52
2026-03-16 05:34:11,16.28,50.38,975.97,1014.73
2026-03-16 05:39:31,16.26,50.5,975.9,1014.65
2026-03-16 05:44:41,16.25,50.41,975.81,1014.57
2026-03-16 05:50:31,16.25,51.13,976.07,1014.83
2026-03-16 05:56:21,16.32,51.53,975.96,1014.71
2026-03-16 06:01:31,16.36,51.73,975.91,1014.66
2026-03-16 06:07:11,16.42,52.16,976.24,1014.99
2026-03-16 06:12:31,16.4,52.58,976.34,1015.1
2026-03-16 06:17:41,16.43,52.67,976.19,1014.93
2026-03-16 06:23:31,16.44,53.79,976.23,1014.97
2026-03-16 06:29:21,16.47,53.4,976.45,1015.2
2026-03-16 06:34:31,16.42,53.23,976.26,1015.01
2026-03-16 06:39:51,16.41,53.02,976.32,1015.08
2026-03-16 06:45:31,16.44,52.99,976.3,1015.05
2026-03-16 06:51:31,16.41,52.87,976.23,1014.98
2026-03-16 06:57:21,16.44,52.53,976.23,1014.98
2026-03-16 07:02:31,16.43,52.43,976.13,1014.87
2026-03-16 07:07:51,16.43,52.49,976.37,1015.12
2026-03-16 07:13:31,16.44,52.56,976.53,1015.28
2026-03-16 07:19:01,16.44,52.5,976.31,1015.06
2026-03-16 07:24:31,16.43,52.58,976.39,1015.14
2026-03-16 07:30:31,16.47,52.64,976.68,1015.44
2026-03-16 07:36:31,16.51,52.7,976.8,1015.56
2026-03-16 07:42:21,16.51,52.9,976.77,1015.52
2026-03-16 07:47:31,16.52,52.96,976.85,1015.61
2026-03-16 07:53:11,16.43,49.47,976.9,1015.67
2026-03-16 07:58:31,16.21,47.3,976.92,1015.72
2026-03-16 08:03:41,16.02,47.21,976.92,1015.74
2026-03-16 08:09:31,16.35,52.72,976.98,1015.77
2026-03-16 08:15:21,16.84,53.51,977.0,1015.72
2026-03-16 08:20:31,17.08,53.38,976.9,1015.58
2026-03-16 08:26:01,16.96,53.14,976.75,1015.44
2026-03-16 08:31:31,16.9,52.78,976.78,1015.48
2026-03-16 08:37:31,16.86,52.37,976.69,1015.39
2026-03-16 08:43:31,17.09,52.25,976.95,1015.63
2026-03-16 08:49:21,17.37,51.84,976.96,1015.6
2026-03-16 08:54:31,17.55,51.33,977.13,1015.75
2026-03-16 09:00:11,17.67,51.2,977.01,1015.61
2026-03-16 09:05:31,17.78,51.42,977.1,1015.69
2026-03-16 09:10:41,17.86,52.0,977.0,1015.57
2026-03-16 09:16:31,17.92,52.14,977.02,1015.59
2026-03-16 09:22:21,18.26,52.82,977.08,1015.6
2026-03-16 09:27:31,18.49,52.66,977.0,1015.48
2026-03-16 09:33:11,18.74,51.87,976.93,1015.38
2026-03-16 09:38:31,18.92,51.68,977.07,1015.49
2026-03-16 09:43:41,19.12,50.48,976.96,1015.35
2026-03-16 09:49:31,19.31,50.46,976.94,1015.31
2026-03-16 09:55:21,19.48,49.77,976.92,1015.27
2026-03-16 10:00:31,19.61,49.2,976.78,1015.1
2026-03-16 10:06:11,19.74,48.53,976.68,1014.97
2026-03-16 10:11:31,19.9,48.38,976.53,1014.8
2026-03-16 10:16:41,20.02,47.88,976.51,1014.76
2026-03-16 10:22:31,20.19,47.61,976.4,1014.62
2026-03-16 10:28:21,20.34,47.48,976.38,1014.59
2026-03-16 10:33:31,20.42,47.61,976.47,1014.67
2026-03-16 10:38:51,20.55,47.26,976.24,1014.42
2026-03-16 10:44:31,20.66,46.78,976.39,1014.55
2026-03-16 10:50:31,20.79,46.84,976.38,1014.52
2026-03-16 10:56:17,20.91,46.99,976.24,1014.36
2026-03-16 11:01:31,20.91,46.14,976.26,1014.39
2026-03-16 11:06:41,20.94,45.95,976.17,1014.28
2026-03-16 11:12:31,20.96,45.94,976.36,1014.47
2026-03-16 11:18:21,20.96,46.04,976.35,1014.47
2026-03-16 11:23:31,20.92,45.96,976.22,1014.34
2026-03-16 11:28:51,20.9,46.14,976.12,1014.24
2026-03-16 11:34:31,20.85,45.94,976.24,1014.37
2026-03-16 11:39:41,20.78,45.78,976.07,1014.19
2026-03-16 11:45:31,20.8,45.71,976.26,1014.39
2026-03-16 11:51:21,20.82,45.53,976.24,1014.37
2026-03-16 11:56:31,20.84,45.4,976.28,1014.4
2026-03-16 12:01:51,20.86,45.55,976.39,1014.52
2026-03-16 12:07:31,20.89,45.53,976.13,1014.25
2026-03-16 12:12:41,20.91,45.52,976.16,1014.27
2026-03-16 12:18:31,20.91,45.42,976.11,1014.22
2026-03-16 12:24:21,20.97,45.35,976.27,1014.38
2026-03-16 12:29:31,21.01,45.35,976.11,1014.21
2026-03-16 12:34:51,21.03,45.38,976.05,1014.15
2026-03-16 12:40:31,21.03,45.15,976.23,1014.33
2026-03-16 12:45:41,21.04,45.86,976.05,1014.14
2026-03-16 12:51:31,21.22,44.61,976.02,1014.09
2026-03-16 12:57:21,21.29,44.33,975.95,1014.01
2026-03-16 13:02:31,21.32,44.81,975.99,1014.04
2026-03-16 13:07:51,21.35,45.83,975.98,1014.02
2026-03-16 13:13:31,21.49,46.26,975.94,1013.97
2026-03-16 13:19:31,21.67,46.6,975.87,1013.87
2026-03-16 13:25:21,21.77,45.4,975.86,1013.85
2026-03-16 13:30:31,21.86,44.88,975.66,1013.63
2026-03-16 13:35:41,21.97,44.47,975.7,1013.65
2026-03-16 13:41:31,22.04,44.21,975.66,1013.6
2026-03-16 13:47:21,22.11,43.99,975.75,1013.69
2026-03-16 13:52:31,22.16,43.43,975.71,1013.64
2026-03-16 13:57:51,22.11,43.95,975.73,1013.66
2026-03-16 14:03:31,22.01,44.0,975.74,1013.7
2026-03-16 14:09:31,21.92,43.89,975.93,1013.9
2026-03-16 14:15:21,21.93,43.95,975.96,1013.92
2026-03-16 14:20:31,21.94,44.0,976.02,1013.98
2026-03-16 14:25:41,21.96,43.77,975.96,1013.92
2026-03-16 14:31:31,21.97,43.55,976.14,1014.11
2026-03-16 14:37:21,21.9,43.69,976.17,1014.15
2026-03-16 14:42:31,21.84,43.71,976.44,1014.44
2026-03-16 14:47:51,21.71,43.62,976.51,1014.53
2026-03-16 14:53:31,21.65,43.79,976.64,1014.67
2026-03-16 14:58:41,21.58,43.85,976.64,1014.68
2026-03-16 15:04:31,21.54,43.8,976.57,1014.61
2026-03-16 15:10:21,21.51,43.76,976.65,1014.71
2026-03-16 15:15:31,21.46,43.73,976.74,1014.81
2026-03-16 15:20:51,21.41,43.81,976.59,1014.65
2026-03-16 15:26:31,21.39,43.9,976.64,1014.71
2026-03-16 15:31:41,21.45,43.69,976.52,1014.57
2026-03-16 15:37:31,21.5,43.72,976.51,1014.56
2026-03-16 15:43:21,21.4,43.85,976.49,1014.55
2026-03-16 15:48:31,21.36,43.94,976.45,1014.52
2026-03-16 15:53:51,21.31,43.76,976.48,1014.55
2026-03-16 15:59:31,21.29,43.81,976.61,1014.69
2026-03-16 16:05:31,21.33,43.99,976.56,1014.63
2026-03-16 16:11:21,21.45,43.13,976.58,1014.63
2026-03-16 16:16:31,21.53,43.05,976.54,1014.59
2026-03-16 16:21:51,21.64,42.8,976.5,1014.53
2026-03-16 16:27:31,21.75,42.71,976.6,1014.62
2026-03-16 16:33:31,21.79,42.01,976.66,1014.68
2026-03-16 16:39:21,21.79,42.68,976.61,1014.63
2026-03-16 16:44:31,21.8,43.04,976.59,1014.6
2026-03-16 16:49:51,21.82,42.62,976.69,1014.7
2026-03-16 16:55:31,21.83,41.55,976.69,1014.7
2026-03-16 17:01:31,21.81,41.47,976.79,1014.81
2026-03-16 17:06:41,21.85,41.39,976.83,1014.85
2026-03-16 17:12:31,21.82,41.82,976.86,1014.88
2026-03-16 17:18:31,21.65,43.27,977.03,1015.08
2026-03-16 17:24:31,21.65,43.2,977.0,1015.05
2026-03-16 17:30:01,21.57,43.24,977.02,1015.08
2026-03-16 17:35:31,21.47,43.42,977.13,1015.21
2026-03-16 17:41:31,21.31,43.69,977.23,1015.34
2026-03-16 17:47:01,21.2,43.94,977.41,1015.54
2026-03-16 17:52:31,21.04,44.06,977.49,1015.64
2026-03-16 17:58:31,20.91,44.27,977.52,1015.7
2026-03-16 18:04:31,20.8,44.51,977.59,1015.78
2026-03-16 18:10:21,20.7,44.71,977.6,1015.81
2026-03-16 18:15:31,20.59,44.9,977.55,1015.77
2026-03-16 18:20:51,20.54,45.11,977.61,1015.84
2026-03-16 18:26:31,20.45,45.2,977.68,1015.92
2026-03-16 18:32:31,20.33,45.33,977.82,1016.08
2026-03-16 18:38:11,20.24,45.47,978.01,1016.3
2026-03-16 18:43:31,20.15,45.69,978.11,1016.41
2026-03-16 18:48:41,20.04,45.85,978.12,1016.43
2026-03-16 18:54:14,19.96,46.13,978.16,1016.5
2026-03-16 18:59:31,19.85,46.33,978.25,1016.6
2026-03-16 19:05:01,19.8,46.51,978.34,1016.7
2026-03-16 19:10:31,19.71,46.68,978.51,1016.89
2026-03-16 19:15:51,19.67,46.81,978.34,1016.73
2026-03-16 19:21:31,19.64,47.47,978.36,1016.74
2026-03-16 19:27:31,19.85,47.41,978.5,1016.86
2026-03-16 19:33:01,19.85,46.86,978.57,1016.94
2026-03-16 19:38:31,19.83,46.8,978.74,1017.11
2026-03-16 19:44:31,19.82,46.58,978.83,1017.21
2026-03-16 19:50:31,19.79,46.53,979.01,1017.4
2026-03-16 19:56:21,19.71,46.66,978.85,1017.24
2026-03-16 20:01:31,19.63,46.72,978.91,1017.32
2026-03-16 20:07:11,19.56,46.83,978.98,1017.4
2026-03-16 20:12:31,19.45,47.0,978.97,1017.41
2026-03-16 20:17:41,19.39,47.15,979.19,1017.65
2026-03-16 20:23:31,19.3,47.29,979.34,1017.81
2026-03-16 20:29:21,19.24,47.43,979.28,1017.76
2026-03-16 20:34:31,19.16,47.44,979.23,1017.71
2026-03-16 20:39:51,19.12,47.48,979.34,1017.83
2026-03-16 20:45:31,19.07,47.57,979.47,1017.98
2026-03-16 20:51:31,19.03,47.69,979.49,1018.01
2026-03-16 20:57:11,18.97,47.68,979.68,1018.21
2026-03-16 21:02:31,18.94,47.76,979.71,1018.25
2026-03-16 21:07:41,18.89,47.75,979.65,1018.19
2026-03-16 21:13:31,18.86,47.89,979.57,1018.12
2026-03-16 21:19:31,18.83,47.86,979.53,1018.08
2026-03-16 21:25:31,18.75,47.98,979.5,1018.06
2026-03-16 21:31:21,18.73,47.98,979.69,1018.26
2026-03-16 21:36:31,18.68,48.1,979.84,1018.41
2026-03-16 21:41:51,18.65,48.13,979.84,1018.42
2026-03-16 21:47:31,18.72,46.24,979.93,1018.51
2026-03-16 21:53:31,18.65,45.28,979.95,1018.55
2026-03-16 21:59:21,18.53,44.55,979.95,1018.56
2026-03-16 22:04:31,18.43,44.0,979.96,1018.58
2026-03-16 22:09:51,18.32,43.97,980.18,1018.82
2026-03-16 22:15:31,18.26,43.78,980.14,1018.79
2026-03-16 22:21:31,18.16,43.37,980.14,1018.81
2026-03-16 22:27:21,18.09,43.36,980.21,1018.9
2026-03-16 22:32:31,18.01,43.05,980.32,1019.02
2026-03-16 22:37:41,17.91,42.84,980.34,1019.05
2026-03-16 22:43:31,17.85,42.9,980.51,1019.24
2026-03-16 22:49:21,17.79,42.9,980.61,1019.35
2026-03-16 22:54:31,17.62,42.84,980.77,1019.54
2026-03-16 22:59:51,17.59,42.49,980.77,1019.54
2026-03-16 23:05:31,17.56,42.8,980.69,1019.47
2026-03-16 23:11:31,17.48,42.59,980.71,1019.5
2026-03-16 23:17:21,17.44,42.46,980.9,1019.7
2026-03-16 23:22:31,17.39,42.48,980.94,1019.75
2026-03-16 23:27:51,17.34,42.82,980.95,1019.77
2026-03-16 23:33:31,17.23,42.76,981.02,1019.86
2026-03-16 23:39:31,17.18,42.88,980.91,1019.74
2026-03-16 23:45:21,17.15,42.91,980.96,1019.8
2026-03-16 23:50:31,17.02,43.03,981.0,1019.87
2026-03-16 23:55:51,17.0,42.94,981.04,1019.91
2026-03-17 00:01:31,16.89,42.89,981.02,1019.9
2026-03-17 00:07:31,16.82,42.99,981.28,1020.19
2026-03-17 00:13:31,16.76,43.13,981.36,1020.28
2026-03-17 00:18:51,16.65,43.02,981.26,1020.19
2026-03-17 00:24:31,16.65,42.73,981.23,1020.16
2026-03-17 00:30:31,16.63,42.8,981.2,1020.13
2026-03-17 00:36:21,16.61,42.8,981.37,1020.31
2026-03-17 00:41:31,16.59,42.94,981.35,1020.29
2026-03-17 00:46:51,16.56,43.03,981.46,1020.41
2026-03-17 00:52:31,16.54,43.22,981.4,1020.35
2026-03-17 00:57:41,16.5,43.38,981.52,1020.48
2026-03-17 01:03:31,16.46,43.46,981.44,1020.4
2026-03-17 01:09:21,16.44,43.56,981.49,1020.46
2026-03-17 01:14:31,16.36,43.64,981.49,1020.47
2026-03-17 01:19:51,16.33,43.59,981.59,1020.58
2026-03-17 01:25:31,16.31,43.69,981.65,1020.64
2026-03-17 01:30:41,16.27,43.76,981.58,1020.57
2026-03-17 01:36:31,16.24,43.78,981.69,1020.69
2026-03-17 01:42:21,16.24,43.79,981.65,1020.65
2026-03-17 01:47:31,16.21,44.21,981.67,1020.68
2026-03-17 01:52:51,16.19,44.34,981.67,1020.68
2026-03-17 01:58:31,16.14,44.47,981.5,1020.51
2026-03-17 02:03:41,16.13,44.49,981.75,1020.77
2026-03-17 02:09:31,16.09,44.5,981.77,1020.79
2026-03-17 02:15:21,16.07,44.41,981.66,1020.68
2026-03-17 02:20:31,16.04,44.44,981.81,1020.85
2026-03-17 02:25:51,16.03,44.39,981.73,1020.77
2026-03-17 02:31:31,15.98,44.49,981.76,1020.81
2026-03-17 02:37:31,15.96,44.52,981.83,1020.89
2026-03-17 02:43:21,15.92,44.33,981.95,1021.01
2026-03-17 02:48:31,15.92,44.52,981.91,1020.97
2026-03-17 02:53:51,15.85,44.4,982.11,1021.18
2026-03-17 02:59:31,15.82,44.62,982.01,1021.09
2026-03-17 03:05:31,15.81,44.42,982.2,1021.28
2026-03-17 03:10:41,15.77,44.56,982.01,1021.1
2026-03-17 03:16:31,15.75,44.41,982.16,1021.26
2026-03-17 03:22:21,15.69,44.37,982.29,1021.4
2026-03-17 03:27:31,15.71,44.25,982.17,1021.27
2026-03-17 03:32:51,15.69,44.08,982.19,1021.3
2026-03-17 03:38:31,15.64,44.01,982.29,1021.4
2026-03-17 03:44:31,15.61,44.05,982.26,1021.38
2026-03-17 03:50:21,15.57,44.03,982.28,1021.4
2026-03-17 03:55:31,15.53,44.0,982.5,1021.64
2026-03-17 04:00:51,15.52,43.9,982.44,1021.58
2026-03-17 04:06:31,15.46,43.93,982.55,1021.7
2026-03-17 04:12:31,15.41,43.92,982.62,1021.78
2026-03-17 04:17:51,15.39,43.84,982.41,1021.57
2026-03-17 04:23:17,15.39,43.75,982.52,1021.68
2026-03-17 04:28:21,15.36,43.8,982.4,1021.56
2026-03-17 04:33:31,15.33,43.88,982.52,1021.69
2026-03-17 04:38:51,15.31,43.79,982.57,1021.75
2026-03-17 04:44:31,15.29,43.85,982.65,1021.84
2026-03-17 04:49:41,15.23,43.8,982.76,1021.95
2026-03-17 04:55:31,15.23,43.66,982.82,1022.02
2026-03-17 05:01:21,15.19,43.78,982.74,1021.94
2026-03-17 05:06:31,15.16,43.87,982.68,1021.89
2026-03-17 05:11:51,15.12,43.86,982.62,1021.83
2026-03-17 05:17:31,15.07,43.86,982.89,1022.11
2026-03-17 05:23:31,15.06,43.86,982.91,1022.13
2026-03-17 05:29:18,15.02,43.77,982.94,1022.17
2026-03-17 05:34:31,15.01,43.68,983.05,1022.28
2026-03-17 05:39:41,14.98,43.75,983.0,1022.24
2026-03-17 05:45:31,14.94,43.81,983.31,1022.57
2026-03-17 05:51:21,14.91,43.79,983.12,1022.38
2026-03-17 05:56:31,14.91,43.87,983.25,1022.51
2026-03-17 06:01:51,14.89,44.41,983.26,1022.53
2026-03-17 06:07:17,14.87,44.34,983.25,1022.51
2026-03-17 06:12:21,14.86,44.18,983.24,1022.51
2026-03-17 06:17:31,14.85,44.36,983.38,1022.65
2026-03-17 06:22:51,14.76,45.6,983.3,1022.59
2026-03-17 06:28:31,14.72,45.81,983.44,1022.74
2026-03-17 06:34:21,14.71,45.81,983.54,1022.84
2026-03-17 06:39:31,14.79,46.14,983.63,1022.93
2026-03-17 06:45:21,14.77,46.79,983.56,1022.86
2026-03-17 06:50:31,14.76,46.61,983.69,1022.99
2026-03-17 06:56:31,14.78,46.55,983.77,1023.07
2026-03-17 07:02:21,14.79,46.65,983.77,1023.08
2026-03-17 07:07:31,14.83,47.54,983.85,1023.15
2026-03-17 07:12:51,14.83,47.69,983.86,1023.16
2026-03-17 07:18:31,14.85,47.92,983.93,1023.23
2026-03-17 07:24:31,14.86,48.45,984.01,1023.31
2026-03-17 07:30:31,14.87,48.91,983.9,1023.19
2026-03-17 07:36:31,14.92,49.39,984.12,1023.42
2026-03-17 07:42:21,14.95,48.97,984.06,1023.35
2026-03-17 07:47:31,14.96,48.78,984.19,1023.48
2026-03-17 07:52:51,14.98,48.79,984.35,1023.65
2026-03-17 07:58:31,15.0,48.66,984.33,1023.62
2026-03-17 08:04:31,15.03,48.68,984.35,1023.65
2026-03-17 08:10:31,15.19,50.77,984.37,1023.64
2026-03-17 08:16:31,15.97,54.47,984.39,1023.55
2026-03-17 08:22:21,16.33,54.11,984.42,1023.53
2026-03-17 08:27:31,16.57,53.24,984.65,1023.73
2026-03-17 08:32:51,16.96,53.49,984.59,1023.62
2026-03-17 08:38:31,17.31,52.64,984.65,1023.63
2026-03-17 08:44:31,17.67,51.46,984.66,1023.59
2026-03-17 08:50:31,17.97,51.36,984.58,1023.46
2026-03-17 08:56:21,18.2,50.15,984.44,1023.28
2026-03-17 09:01:31,18.4,49.88,984.61,1023.43
2026-03-17 09:06:51,18.53,48.87,984.5,1023.3
2026-03-17 09:12:31,18.66,48.52,984.5,1023.28
2026-03-17 09:17:41,18.78,47.97,984.6,1023.37
2026-03-17 09:23:31,18.93,48.48,984.49,1023.23
2026-03-17 09:29:21,19.11,48.97,984.6,1023.32
2026-03-17 09:34:31,19.31,48.55,984.63,1023.32
2026-03-17 09:39:51,19.5,49.97,984.79,1023.46
2026-03-17 09:45:31,19.68,47.36,984.7,1023.34
2026-03-17 09:50:41,19.81,46.46,984.58,1023.2
2026-03-17 09:56:31,19.96,46.41,984.59,1023.19
2026-03-17 10:02:21,20.13,46.84,984.71,1023.29
2026-03-17 10:07:31,20.22,46.75,984.83,1023.4
2026-03-17 10:12:51,20.28,45.35,984.77,1023.33
2026-03-17 10:18:31,20.37,45.15,984.5,1023.04
2026-03-17 10:23:41,20.48,44.66,984.65,1023.18
2026-03-17 10:29:31,20.55,44.81,984.64,1023.16
2026-03-17 10:35:21,20.58,44.66,984.7,1023.22
2026-03-17 10:40:31,20.58,44.92,984.67,1023.18
2026-03-17 10:45:51,20.61,44.71,984.6,1023.11
2026-03-17 10:51:31,20.64,44.81,984.73,1023.24
2026-03-17 10:56:41,20.65,44.69,984.64,1023.14
2026-03-17 11:02:31,20.71,44.54,984.52,1023.01
2026-03-17 11:08:21,20.78,44.43,984.8,1023.29
2026-03-17 11:13:31,20.81,44.33,984.64,1023.12
2026-03-17 11:18:51,20.87,44.56,984.59,1023.06
2026-03-17 11:24:31,21.01,44.49,984.55,1023.0
2026-03-17 11:29:41,21.11,44.39,984.56,1023.0
2026-03-17 11:35:31,21.16,43.97,984.52,1022.95
2026-03-17 11:41:21,21.2,44.3,984.64,1023.07
2026-03-17 11:46:31,21.26,44.19,984.66,1023.08
2026-03-17 11:51:51,21.3,44.0,984.56,1022.97
2026-03-17 11:57:31,21.39,44.0,984.6,1023.0
2026-03-17 12:03:31,21.44,43.77,984.53,1022.92
2026-03-17 12:09:31,21.49,43.94,984.46,1022.84
2026-03-17 12:15:21,21.54,43.97,984.56,1022.93
2026-03-17 12:20:31,21.6,43.88,984.41,1022.77
2026-03-17 12:25:51,21.76,43.83,984.52,1022.86
2026-03-17 12:31:31,21.91,43.82,984.32,1022.64
2026-03-17 12:37:31,22.04,43.94,984.52,1022.82
2026-03-17 12:43:31,22.09,43.92,984.45,1022.74
2026-03-17 12:49:31,22.14,43.88,984.48,1022.77
2026-03-17 12:55:11,22.18,43.76,984.28,1022.56
2026-03-17 13:00:31,22.22,43.82,984.3,1022.57
2026-03-17 13:05:51,22.26,43.31,984.24,1022.5
2026-03-17 13:11:31,22.32,42.46,984.16,1022.41
2026-03-17 13:16:41,22.31,42.43,984.12,1022.37
2026-03-17 13:22:31,22.32,42.67,984.31,1022.57
2026-03-17 13:28:21,22.33,42.37,984.27,1022.52
2026-03-17 13:33:31,22.36,42.88,984.13,1022.38
2026-03-17 13:38:51,22.35,42.33,984.21,1022.46
2026-03-17 13:44:31,22.37,42.44,984.08,1022.32
2026-03-17 13:49:41,21.96,34.74,984.13,1022.43
2026-03-17 13:55:31,21.14,31.97,984.19,1022.6
2026-03-17 14:01:21,20.51,31.19,984.07,1022.57
2026-03-17 14:06:31,21.09,36.37,984.41,1022.84
2026-03-17 14:11:51,21.41,37.33,984.25,1022.63
2026-03-17 14:17:31,21.64,37.75,984.05,1022.39
2026-03-17 14:22:41,21.78,38.48,984.16,1022.48
2026-03-17 14:28:31,21.9,38.53,984.19,1022.5
2026-03-17 14:34:21,21.95,38.49,984.16,1022.47
2026-03-17 14:39:31,21.98,38.83,984.27,1022.57
2026-03-17 14:44:51,22.1,39.44,984.17,1022.45
2026-03-17 14:50:31,22.17,39.39,984.33,1022.61
2026-03-17 14:55:41,22.16,39.41,984.19,1022.46
2026-03-17 15:01:31,22.18,39.41,984.28,1022.56
2026-03-17 15:07:21,22.17,39.48,984.4,1022.69
2026-03-17 15:12:31,22.1,39.78,984.34,1022.63
2026-03-17 15:17:51,22.05,40.01,984.37,1022.67
2026-03-17 15:23:31,21.99,40.08,984.37,1022.67
2026-03-17 15:29:31,21.94,40.6,984.24,1022.55
2026-03-17 15:35:21,21.9,40.83,984.18,1022.49
2026-03-17 15:40:31,21.87,40.8,984.17,1022.49
2026-03-17 15:45:41,21.83,40.88,984.1,1022.42
2026-03-17 15:51:31,21.8,41.09,984.21,1022.54
2026-03-17 15:57:21,21.78,41.28,984.16,1022.49
2026-03-17 16:02:31,21.76,41.43,984.18,1022.51
2026-03-17 16:07:51,21.76,41.71,984.09,1022.41
2026-03-17 16:13:31,21.76,41.66,983.95,1022.27
2026-03-17 16:19:31,21.77,41.74,984.07,1022.4
2026-03-17 16:25:21,21.75,41.58,984.0,1022.33
2026-03-17 16:30:31,21.75,41.76,983.9,1022.22
2026-03-17 16:35:46,21.77,41.83,984.01,1022.34
2026-03-17 16:41:31,21.75,42.38,984.0,1022.33
2026-03-17 16:47:21,21.88,41.94,984.07,1022.38
2026-03-17 16:52:31,21.9,41.94,984.1,1022.41
2026-03-17 16:57:51,22.01,41.93,983.93,1022.22
2026-03-17 17:03:31,22.14,41.9,984.05,1022.32
2026-03-17 17:09:01,22.25,41.75,983.97,1022.22
2026-03-17 17:14:31,22.31,41.77,984.15,1022.4
2026-03-17 17:20:21,22.42,42.54,984.13,1022.37
2026-03-17 17:25:31,22.38,41.65,984.1,1022.34
2026-03-17 17:30:51,22.3,41.34,984.2,1022.46
2026-03-17 17:36:31,22.29,41.17,984.37,1022.63
2026-03-17 17:42:31,22.23,41.12,984.31,1022.58
2026-03-17 17:48:21,22.15,41.17,984.53,1022.82
2026-03-17 17:53:31,22.04,41.33,984.48,1022.79
2026-03-17 17:59:31,21.95,41.56,984.5,1022.82
2026-03-17 18:05:21,21.85,41.58,984.52,1022.85
2026-03-17 18:10:31,21.78,41.75,984.71,1023.06
2026-03-17 18:15:51,21.71,41.81,984.85,1023.21
2026-03-17 18:21:31,21.69,42.0,984.85,1023.22
2026-03-17 18:27:31,21.6,42.17,984.91,1023.29
2026-03-17 18:33:21,21.54,42.45,984.89,1023.29
2026-03-17 18:38:31,21.52,43.04,984.92,1023.32
2026-03-17 18:43:51,21.43,44.89,985.14,1023.56
2026-03-17 18:49:31,21.39,44.18,985.16,1023.58
2026-03-17 18:55:31,21.48,44.95,985.24,1023.66
2026-03-17 19:01:31,21.58,44.66,985.34,1023.74
2026-03-17 19:06:41,21.69,44.34,985.27,1023.66
2026-03-17 19:12:31,21.79,44.15,985.42,1023.8
2026-03-17 19:18:21,21.87,43.93,985.59,1023.96
2026-03-17 19:23:31,21.84,43.33,985.54,1023.92
2026-03-17 19:28:51,21.79,43.23,985.63,1024.02
2026-03-17 19:34:31,21.67,43.26,985.69,1024.1
2026-03-17 19:39:41,21.49,43.54,985.61,1024.04
2026-03-17 19:45:31,21.29,43.83,985.84,1024.3
2026-03-17 19:51:21,21.12,44.15,985.75,1024.23
2026-03-17 19:56:31,20.97,44.43,985.8,1024.3
2026-03-17 20:01:51,20.86,44.65,985.78,1024.3
2026-03-17 20:07:31,20.76,44.78,985.93,1024.47
2026-03-17 20:13:31,20.66,45.0,985.88,1024.43
2026-03-17 20:19:31,20.56,45.05,985.74,1024.3
2026-03-17 20:25:21,20.49,45.18,985.88,1024.45
2026-03-17 20:30:31,20.42,45.25,985.74,1024.32
2026-03-17 20:35:51,20.36,45.37,985.77,1024.36
2026-03-17 20:41:31,20.28,45.5,985.97,1024.57
2026-03-17 20:46:41,20.24,45.53,985.87,1024.48
2026-03-17 20:52:31,20.21,45.64,985.85,1024.47
2026-03-17 20:58:21,20.12,45.69,985.97,1024.6
2026-03-17 21:03:31,20.08,45.72,985.97,1024.61
2026-03-17 21:08:51,20.03,45.72,985.88,1024.53
2026-03-17 21:14:31,20.02,46.02,985.97,1024.62
2026-03-17 21:19:41,19.95,46.15,986.08,1024.74
2026-03-17 21:25:31,19.91,46.32,986.13,1024.8
2026-03-17 21:31:21,19.88,46.39,986.13,1024.8
2026-03-17 21:36:31,19.84,46.31,986.22,1024.9
2026-03-17 21:41:51,19.77,46.39,986.18,1024.87
2026-03-17 21:47:31,19.74,46.46,986.14,1024.83
2026-03-17 21:52:41,19.68,46.48,986.25,1024.96
2026-03-17 21:58:31,19.64,46.52,986.34,1025.06
2026-03-17 22:04:21,19.57,46.59,986.26,1024.98
2026-03-17 22:09:31,19.53,46.67,986.48,1025.21
2026-03-17 22:14:51,19.5,46.7,986.37,1025.11
2026-03-17 22:20:31,19.45,46.74,986.43,1025.18
2026-03-17 22:26:31,19.44,46.88,986.35,1025.09
2026-03-17 22:32:31,19.47,44.14,986.52,1025.27
2026-03-17 22:38:31,19.38,42.42,986.54,1025.3
2026-03-17 22:44:21,19.27,41.7,986.57,1025.34
2026-03-17 22:49:31,19.21,41.44,986.65,1025.44
2026-03-17 22:54:51,19.08,40.95,986.47,1025.26
2026-03-17 23:00:31,19.01,40.5,986.48,1025.29
2026-03-17 23:06:31,18.91,39.97,986.43,1025.25
2026-03-17 23:12:31,18.81,39.95,986.51,1025.35
2026-03-17 23:18:21,18.73,39.59,986.4,1025.24
2026-03-17 23:23:31,18.64,39.38,986.49,1025.35
2026-03-17 23:28:51,18.59,39.13,986.42,1025.28
2026-03-17 23:34:31,18.49,38.94,986.5,1025.38
2026-03-17 23:39:41,18.43,38.98,986.58,1025.48
2026-03-17 23:45:31,18.33,38.81,986.55,1025.46
2026-03-17 23:51:21,18.22,38.62,986.44,1025.36
2026-03-17 23:56:31,18.15,38.56,986.47,1025.4
2026-03-18 00:01:51,18.08,38.43,986.52,1025.46
2026-03-18 00:07:31,18.03,38.38,986.63,1025.59
2026-03-18 00:12:41,17.91,38.31,986.53,1025.49
2026-03-18 00:18:31,17.85,38.15,986.62,1025.6
2026-03-18 00:24:21,17.73,38.15,986.62,1025.61
2026-03-18 00:29:31,17.68,38.16,986.55,1025.55
2026-03-18 00:34:51,17.63,38.14,986.69,1025.71
2026-03-18 00:40:31,17.54,38.44,986.79,1025.82
2026-03-18 00:45:41,17.54,38.5,986.72,1025.75
2026-03-18 00:51:31,17.52,38.62,986.74,1025.77
2026-03-18 00:57:21,17.48,38.86,986.63,1025.66
2026-03-18 01:02:31,17.47,38.93,986.58,1025.61
2026-03-18 01:07:51,17.44,39.18,986.65,1025.69
2026-03-18 01:13:31,17.42,39.64,986.69,1025.74
2026-03-18 01:18:41,17.4,39.65,986.63,1025.68
2026-03-18 01:24:31,17.32,39.7,986.56,1025.61
2026-03-18 01:30:21,17.33,39.76,986.45,1025.5
2026-03-18 01:35:31,17.29,39.71,986.5,1025.55
2026-03-18 01:40:51,17.28,39.46,986.46,1025.52
2026-03-18 01:46:31,17.18,39.75,986.58,1025.65
2026-03-18 01:51:41,17.19,39.74,986.53,1025.6
2026-03-18 01:57:31,17.12,39.85,986.6,1025.68
2026-03-18 02:03:21,17.1,40.07,986.38,1025.46
2026-03-18 02:08:31,17.09,40.2,986.29,1025.37
2026-03-18 02:13:51,17.07,40.1,986.49,1025.57
2026-03-18 02:19:31,17.06,39.99,986.31,1025.39
2026-03-18 02:25:31,16.97,40.21,986.39,1025.48
2026-03-18 02:31:31,16.98,40.21,986.27,1025.36
2026-03-18 02:37:21,16.9,40.48,986.34,1025.44
2026-03-18 02:42:31,16.87,40.65,986.31,1025.41
2026-03-18 02:47:51,16.88,40.83,986.39,1025.5
2026-03-18 02:53:31,16.87,40.75,986.23,1025.34
2026-03-18 02:59:31,16.81,41.02,986.24,1025.35
2026-03-18 03:04:48,16.82,40.96,986.22,1025.33
2026-03-18 03:10:01,16.78,41.02,986.18,1025.3
2026-03-18 03:15:31,16.76,41.04,986.28,1025.4
2026-03-18 03:20:51,16.74,41.0,986.15,1025.27
2026-03-18 03:26:31,16.66,40.93,986.15,1025.28
2026-03-18 03:32:31,16.63,40.92,986.32,1025.46
2026-03-18 03:38:31,16.62,40.89,986.24,1025.38
2026-03-18 03:44:31,16.59,40.72,986.26,1025.4
2026-03-18 03:50:21,16.54,40.52,986.24,1025.39
2026-03-18 03:55:31,16.5,40.5,986.18,1025.33
2026-03-18 04:00:51,16.46,40.5,986.26,1025.42
2026-03-18 04:06:31,16.42,40.55,986.43,1025.6
2026-03-18 04:11:41,16.39,40.37,986.32,1025.5
2026-03-18 04:17:31,16.37,40.49,986.17,1025.35
2026-03-18 04:23:21,16.33,40.31,986.4,1025.58
2026-03-18 04:28:31,16.29,40.12,986.41,1025.6
2026-03-18 04:33:51,16.22,39.86,986.3,1025.5
2026-03-18 04:39:31,16.17,39.86,986.35,1025.56
2026-03-18 04:44:41,16.14,39.94,986.44,1025.65
2026-03-18 04:50:31,16.09,39.99,986.34,1025.56
2026-03-18 04:56:21,16.05,39.98,986.51,1025.74
2026-03-18 05:01:31,16.0,39.85,986.65,1025.89
2026-03-18 05:06:51,15.98,39.86,986.57,1025.82
2026-03-18 05:12:31,15.93,39.81,986.61,1025.87
2026-03-18 05:18:31,15.87,39.72,986.56,1025.82
2026-03-18 05:24:21,15.79,39.85,986.78,1026.06
2026-03-18 05:29:31,15.82,39.66,986.75,1026.03
2026-03-18 05:34:51,15.72,39.47,986.69,1025.98
2026-03-18 05:40:31,15.68,39.53,986.69,1025.98
2026-03-18 05:46:31,15.64,39.42,986.71,1026.02
2026-03-18 05:51:41,15.58,39.22,986.87,1026.19
2026-03-18 05:57:31,15.48,39.82,986.75,1026.07
2026-03-18 06:03:21,15.46,39.84,986.85,1026.17
2026-03-18 06:08:31,15.43,39.81,986.76,1026.1
2026-03-18 06:13:51,15.37,39.85,986.8,1026.14
2026-03-18 06:19:31,15.33,40.16,986.8,1026.15
2026-03-18 06:25:02,15.31,40.35,986.83,1026.18
2026-03-18 06:30:11,15.31,41.86,986.97,1026.33
2026-03-18 06:35:31,15.27,41.96,986.98,1026.34
2026-03-18 06:40:41,15.27,42.23,987.19,1026.56
2026-03-18 06:46:31,15.49,43.15,987.12,1026.46
2026-03-18 06:52:21,15.48,43.41,987.3,1026.64
2026-03-18 06:57:31,15.47,43.22,987.23,1026.59
2026-03-18 07:03:31,15.43,43.22,987.39,1026.75
2026-03-18 07:09:21,15.44,43.39,987.57,1026.94
2026-03-18 07:14:31,15.44,43.45,987.5,1026.86
2026-03-18 07:19:51,15.47,43.43,987.82,1027.19
2026-03-18 07:25:31,15.5,44.84,987.78,1027.14
2026-03-18 07:31:31,15.49,44.21,987.88,1027.24
2026-03-18 07:37:21,15.51,44.25,987.79,1027.16
2026-03-18 07:42:31,15.56,44.25,987.99,1027.36
2026-03-18 07:47:51,15.56,45.16,987.95,1027.32
2026-03-18 07:53:31,15.58,44.91,988.23,1027.6
2026-03-18 07:58:41,15.58,44.88,988.19,1027.56
2026-03-18 08:04:31,15.59,44.77,988.09,1027.46
2026-03-18 08:10:31,15.59,44.9,988.31,1027.68
2026-03-18 08:15:57,15.63,44.78,988.39,1027.77
2026-03-18 08:21:11,15.77,46.65,988.47,1027.83
2026-03-18 08:26:31,16.35,52.73,988.31,1027.58
2026-03-18 08:32:21,16.84,50.76,988.39,1027.59
2026-03-18 08:37:31,17.19,48.95,988.26,1027.41
2026-03-18 08:42:51,17.54,48.58,988.34,1027.44
2026-03-18 08:48:31,17.87,48.81,988.32,1027.37
2026-03-18 08:54:31,18.22,48.01,988.31,1027.31
2026-03-18 09:00:21,18.45,47.73,988.17,1027.13
2026-03-18 09:05:31,18.62,46.08,988.23,1027.17
2026-03-18 09:10:51,18.74,45.77,988.43,1027.36
2026-03-18 09:16:31,18.95,45.61,988.24,1027.14
2026-03-18 09:22:21,19.19,46.3,988.37,1027.24
2026-03-18 09:27:31,19.42,47.42,988.36,1027.19
2026-03-18 09:32:51,19.56,46.14,988.43,1027.24
2026-03-18 09:38:31,19.75,45.63,988.53,1027.32
2026-03-18 09:44:31,20.02,45.65,988.52,1027.28
2026-03-18 09:50:21,20.22,45.79,988.66,1027.39
2026-03-18 09:55:31,20.34,44.84,988.62,1027.33
2026-03-18 10:00:51,20.39,44.39,988.41,1027.11
2026-03-18 10:06:31,20.47,44.15,988.48,1027.17
2026-03-18 10:12:31,20.54,43.63,988.44,1027.12
2026-03-18 10:18:31,20.54,43.88,988.55,1027.23
2026-03-18 10:24:21,20.58,43.94,988.5,1027.17
2026-03-18 10:29:31,20.59,43.95,988.43,1027.1
2026-03-18 10:34:51,20.59,43.91,988.52,1027.19
2026-03-18 10:40:31,20.81,44.24,988.36,1027.0
2026-03-18 10:46:31,20.9,43.88,988.42,1027.05
2026-03-18 10:52:21,20.96,43.69,988.38,1027.0
2026-03-18 10:57:31,21.02,43.46,988.32,1026.92
2026-03-18 11:02:41,21.04,43.24,988.49,1027.1
2026-03-18 11:08:31,21.13,43.3,988.44,1027.04
2026-03-18 11:14:16,21.17,43.13,988.2,1026.78
2026-03-18 11:19:31,21.21,43.25,988.5,1027.08
2026-03-18 11:24:51,21.26,43.18,988.22,1026.79
2026-03-18 11:30:31,21.33,43.1,988.1,1026.66
2026-03-18 11:36:31,21.4,43.08,988.09,1026.64
2026-03-18 11:42:21,21.45,42.93,988.17,1026.71
2026-03-18 11:47:31,21.5,42.94,988.19,1026.72
2026-03-18 11:52:51,21.59,42.94,988.14,1026.66
2026-03-18 11:58:31,21.64,42.8,988.05,1026.56
2026-03-18 12:04:31,21.71,42.86,988.11,1026.61
2026-03-18 12:10:17,21.76,42.57,988.17,1026.66
2026-03-18 12:15:21,21.8,42.41,987.81,1026.29
2026-03-18 12:20:31,21.85,42.45,987.91,1026.38
2026-03-18 12:25:51,21.88,42.23,987.85,1026.32
2026-03-18 12:31:11,21.96,42.39,987.8,1026.25
2026-03-18 12:36:31,21.99,42.19,987.64,1026.09
2026-03-18 12:41:41,22.03,42.49,987.64,1026.08
2026-03-18 12:47:31,22.19,43.65,987.58,1025.99
2026-03-18 12:53:21,22.4,44.01,987.37,1025.75
2026-03-18 12:58:31,22.52,43.67,987.46,1025.82
2026-03-18 13:04:11,22.67,42.9,987.34,1025.68
2026-03-18 13:09:31,22.71,42.61,987.33,1025.66
2026-03-18 13:14:41,22.77,42.3,987.04,1025.35
2026-03-18 13:20:31,22.83,41.78,987.02,1025.33
2026-03-18 13:26:21,22.86,41.74,987.09,1025.39
2026-03-18 13:31:31,22.86,41.6,986.94,1025.23
2026-03-18 13:36:51,22.89,42.04,986.91,1025.19
2026-03-18 13:42:31,22.9,42.31,986.96,1025.25
2026-03-18 13:48:31,22.96,42.28,987.07,1025.35
2026-03-18 13:54:11,22.82,38.5,987.06,1025.35
2026-03-18 13:59:31,22.82,39.68,986.9,1025.19
2026-03-18 14:04:41,22.8,40.51,986.84,1025.14
2026-03-18 14:10:31,22.75,40.45,986.98,1025.29
2026-03-18 14:16:21,22.73,40.62,986.86,1025.17
2026-03-18 14:21:31,22.72,41.02,986.91,1025.22
2026-03-18 14:26:51,22.7,41.65,986.89,1025.2
2026-03-18 14:32:31,22.65,36.99,986.89,1025.21
2026-03-18 14:38:31,22.43,32.43,986.88,1025.23
2026-03-18 14:44:21,22.01,30.11,986.98,1025.38
2026-03-18 14:49:31,21.99,31.14,986.96,1025.37
2026-03-18 14:54:51,22.02,30.88,986.96,1025.36
2026-03-18 15:00:31,22.04,31.45,986.66,1025.05
2026-03-18 15:06:01,22.23,33.11,986.93,1025.3
2026-03-18 15:11:31,22.32,33.96,986.61,1024.97
2026-03-18 15:17:31,22.31,34.67,986.66,1025.01
2026-03-18 15:23:31,22.31,35.55,986.7,1025.06
2026-03-18 15:29:21,22.28,36.07,986.76,1025.12
2026-03-18 15:34:31,22.27,36.64,986.71,1025.07
2026-03-18 15:40:11,22.24,37.07,986.58,1024.94
2026-03-18 15:45:31,22.24,37.19,986.58,1024.94
2026-03-18 15:50:41,22.2,37.43,986.7,1025.07
2026-03-18 15:56:31,22.14,37.67,986.69,1025.07
2026-03-18 16:02:21,22.13,38.12,986.74,1025.12
2026-03-18 16:07:31,22.11,37.94,986.8,1025.19
2026-03-18 16:13:11,22.04,38.27,986.89,1025.29
2026-03-18 16:18:31,21.97,38.73,986.75,1025.16
2026-03-18 16:23:41,21.89,38.84,986.73,1025.15
2026-03-18 16:29:31,21.82,39.03,986.68,1025.11
2026-03-18 16:35:21,21.82,39.17,986.72,1025.15
2026-03-18 16:40:31,21.77,38.83,986.63,1025.06
2026-03-18 16:45:51,21.74,39.14,986.74,1025.18
2026-03-18 16:51:31,21.73,39.81,986.8,1025.24
2026-03-18 16:57:31,21.71,40.01,986.91,1025.35
2026-03-18 17:03:21,21.73,40.2,986.93,1025.38
2026-03-18 17:08:31,21.64,40.18,986.9,1025.36
2026-03-18 17:13:51,21.57,40.1,986.95,1025.42
2026-03-18 17:19:01,21.49,40.22,986.9,1025.38
2026-03-18 17:24:31,21.43,40.21,987.04,1025.54
2026-03-18 17:30:31,21.35,40.36,987.06,1025.57
2026-03-18 17:36:31,21.29,40.32,987.14,1025.66
2026-03-18 17:42:21,21.22,40.55,987.17,1025.7
2026-03-18 17:47:31,21.16,40.51,987.06,1025.59
2026-03-18 17:52:51,21.11,40.62,987.17,1025.71
2026-03-18 17:58:31,21.03,40.77,987.17,1025.73
2026-03-18 18:04:31,20.98,40.84,987.17,1025.73
2026-03-18 18:10:11,20.94,41.02,987.16,1025.73
2026-03-18 18:15:31,20.9,41.01,987.13,1025.7
2026-03-18 18:20:41,20.84,40.99,987.15,1025.73
2026-03-18 18:26:31,20.81,41.4,987.12,1025.71
2026-03-18 18:31:41,20.81,41.47,987.35,1025.94
2026-03-18 18:37:31,20.87,42.67,987.22,1025.8
2026-03-18 18:43:21,20.93,43.51,987.33,1025.91
2026-03-18 18:48:31,20.93,43.78,987.41,1025.99
2026-03-18 18:54:31,21.0,45.62,987.35,1025.92
2026-03-18 19:00:21,21.01,47.1,987.41,1025.98
2026-03-18 19:05:31,20.98,46.94,987.36,1025.93
2026-03-18 19:10:51,20.92,46.65,987.47,1026.05
2026-03-18 19:16:31,20.96,46.98,987.49,1026.07
2026-03-18 19:21:41,21.03,47.0,987.46,1026.03
2026-03-18 19:27:31,21.08,46.16,987.45,1026.01
2026-03-18 19:33:21,21.15,45.93,987.56,1026.12
2026-03-18 19:38:31,21.15,45.87,987.44,1025.99
2026-03-18 19:43:51,21.19,45.34,987.65,1026.2
2026-03-18 19:49:31,21.29,44.82,987.56,1026.1
2026-03-18 19:55:31,21.27,44.58,987.66,1026.2
2026-03-18 20:00:41,21.24,44.46,987.58,1026.12
2026-03-18 20:06:07,21.23,44.2,987.58,1026.13
2026-03-18 20:11:11,21.31,44.1,987.74,1026.28
2026-03-18 20:16:31,21.28,43.63,987.64,1026.19
2026-03-18 20:21:41,21.38,43.52,987.76,1026.3
2026-03-18 20:27:31,21.29,43.81,987.71,1026.25
2026-03-18 20:33:21,21.28,43.71,987.8,1026.35
2026-03-18 20:38:31,21.33,43.19,987.78,1026.32
2026-03-18 20:43:51,21.33,43.17,987.74,1026.28
2026-03-18 20:49:31,21.34,43.19,987.81,1026.35
2026-03-18 20:55:21,21.4,43.54,987.64,1026.17
2026-03-18 21:00:31,21.32,43.4,987.82,1026.36
2026-03-18 21:06:31,21.28,43.26,987.7,1026.24
2026-03-18 21:12:21,21.14,43.3,987.81,1026.38
2026-03-18 21:17:31,20.99,43.43,987.66,1026.24
2026-03-18 21:22:51,20.87,43.65,987.66,1026.26
2026-03-18 21:28:31,20.63,44.45,987.63,1026.26
2026-03-18 21:34:21,20.41,42.42,987.74,1026.41
2026-03-18 21:39:31,20.24,41.75,987.78,1026.47
2026-03-18 21:44:51,20.08,40.78,987.67,1026.38
2026-03-18 21:50:31,19.93,40.53,987.6,1026.33
2026-03-18 21:56:31,19.74,40.26,987.72,1026.48
2026-03-18 22:02:21,19.63,40.0,987.6,1026.37
2026-03-18 22:07:31,19.51,39.38,987.8,1026.59
2026-03-18 22:12:51,19.4,39.3,987.69,1026.49
2026-03-18 22:18:31,19.33,39.22,987.75,1026.57
2026-03-18 22:24:31,19.25,38.95,987.76,1026.59
2026-03-18 22:30:21,19.15,38.8,987.59,1026.43
2026-03-18 22:35:31,19.07,38.72,987.61,1026.46
2026-03-18 22:41:31,19.01,38.69,987.59,1026.44
2026-03-18 22:47:21,18.93,38.43,987.72,1026.59
2026-03-18 22:52:31,18.88,38.25,987.57,1026.45
2026-03-18 22:57:51,18.79,38.3,987.56,1026.45
2026-03-18 23:03:31,18.71,38.17,987.67,1026.58
2026-03-18 23:09:31,18.64,38.18,987.6,1026.51
2026-03-18 23:15:21,18.54,38.48,987.77,1026.7
2026-03-18 23:20:31,18.5,38.31,987.76,1026.69
2026-03-18 23:25:51,18.44,38.46,987.63,1026.57
2026-03-18 23:31:31,18.39,38.19,987.68,1026.63
2026-03-18 23:37:21,18.31,38.36,987.62,1026.57
2026-03-18 23:42:31,18.26,38.2,987.6,1026.56
2026-03-18 23:47:51,18.21,38.11,987.47,1026.44
2026-03-18 23:53:31,18.13,38.02,987.53,1026.51
2026-03-18 23:59:31,18.07,37.96,987.33,1026.31
2026-03-19 00:05:31,18.03,38.12,987.43,1026.42
2026-03-19 00:11:31,17.98,38.26,987.67,1026.68
2026-03-19 00:17:21,17.91,38.07,987.53,1026.54
2026-03-19 00:22:31,17.86,37.98,987.57,1026.59
2026-03-19 00:27:51,17.8,37.9,987.59,1026.62
2026-03-19 00:33:31,17.74,37.81,987.66,1026.7
2026-03-19 00:39:31,17.71,37.74,987.62,1026.66
2026-03-19 00:45:21,17.64,37.62,987.5,1026.55
2026-03-19 00:50:31,17.56,37.67,987.58,1026.64
2026-03-19 00:55:49,17.49,37.7,987.52,1026.59
2026-03-19 01:01:31,17.4,37.63,987.52,1026.6
2026-03-19 01:07:21,17.37,37.6,987.62,1026.71
2026-03-19 01:12:31,17.29,37.5,987.6,1026.7
2026-03-19 01:17:51,17.21,37.43,987.59,1026.7
2026-03-19 01:23:31,17.11,37.77,987.56,1026.68
2026-03-19 01:29:31,17.1,37.84,987.55,1026.67
2026-03-19 01:35:31,17.06,37.83,987.46,1026.59
2026-03-19 01:41:31,16.99,37.63,987.47,1026.61
2026-03-19 01:47:21,16.93,37.78,987.43,1026.57
2026-03-19 01:52:31,16.85,37.78,987.33,1026.48
2026-03-19 01:57:51,16.78,37.8,987.4,1026.56
2026-03-19 02:03:14,16.74,37.97,987.2,1026.36
2026-03-19 02:08:21,16.66,38.0,987.18,1026.35
2026-03-19 02:13:31,16.64,38.09,987.16,1026.33
2026-03-19 02:18:51,16.62,38.0,987.07,1026.25
2026-03-19 02:24:31,16.51,38.0,987.17,1026.37
2026-03-19 02:30:21,16.53,37.88,986.94,1026.12
2026-03-19 02:35:31,16.45,37.91,987.07,1026.27
2026-03-19 02:40:51,16.43,37.94,987.01,1026.21
2026-03-19 02:46:31,16.37,37.86,987.2,1026.41
2026-03-19 02:52:31,16.32,37.89,987.25,1026.47
2026-03-19 02:58:21,16.25,37.97,987.11,1026.34
2026-03-19 03:03:31,16.19,38.19,986.99,1026.23
2026-03-19 03:08:51,16.13,38.18,987.02,1026.26
2026-03-19 03:14:31,16.17,39.68,987.05,1026.29
2026-03-19 03:20:31,16.12,39.01,986.94,1026.18
2026-03-19 03:26:21,16.05,38.75,986.94,1026.19
2026-03-19 03:31:31,15.99,38.64,986.94,1026.2
2026-03-19 03:37:31,15.97,38.32,987.17,1026.45
2026-03-19 03:43:21,15.91,38.1,987.0,1026.27
2026-03-19 03:48:31,15.85,37.99,986.98,1026.26
2026-03-19 03:54:31,15.78,38.04,986.84,1026.12
2026-03-19 04:00:31,15.7,38.14,986.81,1026.1
2026-03-19 04:06:21,15.68,38.13,986.71,1026.01
2026-03-19 04:11:31,15.59,38.29,987.04,1026.36
2026-03-19 04:16:51,15.59,38.34,986.89,1026.21
2026-03-19 04:22:31,15.57,38.34,986.93,1026.25
2026-03-19 04:28:31,15.51,38.32,987.08,1026.42
2026-03-19 04:34:31,15.46,38.25,987.01,1026.35
2026-03-19 04:40:21,15.36,38.2,987.06,1026.41
2026-03-19 04:45:31,15.36,38.18,986.94,1026.29
2026-03-19 04:50:51,15.29,38.15,986.97,1026.33
2026-03-19 04:56:31,15.26,38.23,986.94,1026.31
2026-03-19 05:02:31,15.23,38.19,986.97,1026.34
2026-03-19 05:08:21,15.13,38.24,986.95,1026.33
2026-03-19 05:13:31,15.14,38.28,986.87,1026.25
2026-03-19 05:18:51,15.12,38.2,986.95,1026.34
2026-03-19 05:24:31,15.03,38.41,986.94,1026.34
2026-03-19 05:30:31,15.0,38.32,986.74,1026.14
2026-03-19 05:36:21,14.98,38.23,986.82,1026.23
2026-03-19 05:41:31,14.92,38.23,986.92,1026.33
2026-03-19 05:46:51,14.89,38.4,986.84,1026.26
2026-03-19 05:52:31,14.86,38.49,986.91,1026.33
2026-03-19 05:58:31,14.82,38.52,986.8,1026.22
2026-03-19 06:04:11,14.79,38.55,986.81,1026.24
2026-03-19 06:09:31,14.71,38.61,986.88,1026.32
2026-03-19 06:14:41,14.66,38.63,986.94,1026.39
2026-03-19 06:20:09,14.65,38.91,986.88,1026.33
2026-03-19 06:25:11,14.65,39.11,986.96,1026.42
2026-03-19 06:30:31,14.59,39.27,986.89,1026.35
2026-03-19 06:35:41,14.57,39.33,986.97,1026.44
2026-03-19 06:41:31,14.54,39.94,986.92,1026.39
2026-03-19 06:47:31,14.49,39.64,986.9,1026.38
2026-03-19 06:53:31,14.53,42.03,986.92,1026.39
2026-03-19 06:58:51,14.53,41.75,986.79,1026.26
2026-03-19 07:04:31,14.51,41.76,986.89,1026.36
2026-03-19 07:10:31,14.56,41.82,986.87,1026.34
2026-03-19 07:16:21,14.54,41.9,986.73,1026.19
2026-03-19 07:21:31,14.57,42.02,986.83,1026.29
2026-03-19 07:26:51,14.59,42.06,986.88,1026.34
2026-03-19 07:32:31,14.61,42.1,986.95,1026.41
2026-03-19 07:37:41,14.62,42.09,987.0,1026.46
2026-03-19 07:43:31,14.64,42.19,987.06,1026.52
2026-03-19 07:49:21,14.65,42.18,987.12,1026.58
2026-03-19 07:54:31,14.67,42.19,986.99,1026.45
2026-03-19 07:59:51,14.67,42.25,987.12,1026.58
2026-03-19 08:05:31,,,,
2026-03-20 18:49:20,,,,
2026-03-20 18:54:31,,,,
2026-03-20 20:01:31,,,,
2026-03-20 20:06:51,,,,
2026-03-20 20:12:31,,,,
2026-03-20 22:38:31,,,,
2026-03-20 22:44:21,,,,
2026-03-20 22:54:51,,,,
2026-03-21 16:27:21,,,,
2026-03-22 19:27:21,,,,
2026-03-23 02:39:31,,,,
2026-03-23 03:01:31,,,,
2026-03-23 03:30:21,,,,
2026-03-23 03:40:51,,,,
2026-03-23 03:52:31,,,,
2026-03-23 04:04:21,,,,
2026-03-23 04:14:51,,,,
2026-03-23 04:26:31,,,,
2026-03-23 04:37:31,,,,
2026-03-23 04:48:31,,,,
2026-03-23 04:59:11,,,,
2026-03-23 05:09:41,,,,
2026-03-23 05:21:21,,,,
2026-03-23 05:31:41,,,,
2026-03-23 05:43:31,,,,
2026-03-23 05:55:01,,,,
2026-03-23 06:06:31,,,,
2026-03-23 06:18:21,,,,
2026-03-23 06:28:33,,,,
2026-03-23 06:39:31,,,,
2026-03-23 06:50:31,,,,
2026-03-23 07:01:31,,,,
2026-03-23 07:12:19,,,,
2026-03-23 07:22:31,,,,
2026-03-23 07:33:31,,,,
2026-03-23 07:44:31,,,,
2026-03-23 07:55:31,,,,
2026-03-23 20:41:21,,,,
2026-03-23 21:53:31,,,,
2026-03-24 20:29:31,,,,
2026-03-24 20:45:51,,,,
2026-03-24 23:03:31,,,,
2026-03-24 23:20:21,,,,
2026-03-24 23:30:51,,,,
2026-03-24 23:42:31,,,,
2026-03-24 23:54:21,,,,
2026-03-25 00:04:51,,,,
2026-03-25 00:15:41,,,,
2026-03-25 00:27:21,,,,
2026-03-25 00:37:51,,,,
2026-03-25 00:49:31,,,,
2026-03-25 01:00:31,,,,
2026-03-25 01:11:31,,,,
2026-03-25 01:23:30,,,,
2026-03-25 01:34:31,,,,
2026-03-25 01:45:31,,,,
2026-03-25 01:56:31,,,,
2026-03-25 02:08:21,,,,
2026-03-25 02:18:51,,,,
2026-03-25 02:30:31,,,,
2026-03-25 02:41:31,,,,
2026-03-25 02:53:21,,,,
2026-03-25 03:03:51,,,,
2026-03-25 03:15:31,,,,
2026-03-25 03:26:31,,,,
2026-03-25 03:37:31,,,,
2026-03-25 03:48:31,,,,
2026-03-25 04:00:21,,,,
2026-03-25 04:10:51,,,,
2026-03-25 04:27:31,,,,
2026-03-25 04:38:31,,,,
2026-03-25 04:54:41,,,,
2026-03-25 05:06:21,,,,
2026-03-25 05:16:51,,,,
2026-03-25 05:27:41,,,,
2026-03-25 05:39:21,,,,
2026-03-25 05:49:51,,,,
2026-03-25 06:01:31,,,,
2026-03-25 06:12:31,,,,
2026-03-25 06:23:31,,,,
2026-03-25 06:34:31,,,,
2026-03-25 06:46:21,,,,
2026-03-25 06:56:51,,,,
2026-03-25 07:08:31,,,,
2026-03-25 07:19:31,,,,
2026-03-25 07:30:31,,,,
2026-03-25 07:53:31,,,,
2026-03-25 08:09:51,,,,
2026-03-25 15:10:31,,,,
2026-03-25 15:22:21,,,,
2026-03-25 15:32:41,,,,
2026-03-25 15:44:21,,,,
2026-03-25 15:54:51,,,,
2026-03-25 16:06:31,,,,
2026-03-25 16:17:31,,,,
2026-03-25 16:28:31,,,,
2026-03-25 16:39:51,,,,
2026-03-25 17:49:47,,,,
2026-03-26 08:10:07,,,,
2026-03-26 08:26:27,,,,
2026-03-26 08:37:17,,,,
2026-03-26 15:20:53,,,,
2026-03-26 15:26:43,,,,
2026-03-26 15:42:53,,,,
2026-03-26 16:16:43,,,,
2026-03-27 11:00:51,,,,
2026-03-27 23:41:08,,,,
2026-03-27 23:57:18,,,,
2026-03-28 00:08:58,,,,
2026-03-28 00:19:28,,,,
2026-03-28 00:58:18,,,,
2026-03-28 01:32:08,,,,
2026-03-28 01:42:28,,,,
2026-03-28 01:53:18,,,,
2026-03-28 02:04:18,,,,
2026-03-28 02:15:18,,,,
2026-03-28 02:27:08,,,,
2026-03-28 02:37:38,,,,
2026-03-29 07:06:08,,,,
2026-03-29 07:23:08,,,,
2026-04-01 19:53:18,,,,
2026-04-02 10:32:21,,,,
2026-04-02 10:35:26,19.97,50.52,977.3,1015.6
2026-04-02 10:39:13,19.73,45.08,977.24,1015.52
2026-04-02 10:44:23,19.77,45.31,977.26,1015.57
2026-04-02 10:46:03,19.86,45.14,977.15,1015.45
